0.000000000000000000e+00,-6.258584908209741116e-04
1.000000000000000021e-02,-8.378683123737573624e-04
2.000000000000000042e-02,8.030573371797800064e-04
2.999999999999999889e-02,1.109492615796625614e-03
4.000000000000000083e-02,-7.024682709015905857e-04
5.000000000000000278e-02,-4.325703484937548637e-04
5.999999999999999778e-02,-4.926647670799866319e-05
7.000000000000000666e-02,1.680234097875654697e-03
8.000000000000000167e-02,1.233303337357938290e-03
8.999999999999999667e-02,8.768654661253094673e-04
1.000000000000000056e-01,-9.897934505715966225e-04
1.100000000000000006e-01,4.786239296663552523e-04
1.199999999999999956e-01,-3.584400692488998175e-04
1.300000000000000044e-01,-1.948427874594926834e-03
1.400000000000000133e-01,5.633779801428318024e-04
1.499999999999999944e-01,-1.236891257576644421e-03
1.600000000000000033e-01,-1.328621990978717804e-03
1.700000000000000122e-01,-2.247812692075967789e-03
1.799999999999999933e-01,-1.685086986981332302e-03
1.900000000000000022e-01,-1.588471932336688042e-03
2.000000000000000111e-01,-1.398825785145163536e-03
2.099999999999999922e-01,-2.321289386600255966e-03
2.200000000000000011e-01,-9.440514841116964817e-04
2.300000000000000100e-01,-2.072148956358432770e-03
2.399999999999999911e-01,-1.957881730049848557e-03
2.500000000000000000e-01,-4.401775076985359192e-03
2.600000000000000089e-01,-4.351768642663955688e-03
2.700000000000000178e-01,-3.231195732951164246e-03
2.800000000000000266e-01,-5.963636562228202820e-03
2.899999999999999800e-01,-4.435912705957889557e-03
2.999999999999999889e-01,-3.343478078022599220e-03
3.099999999999999978e-01,-5.259975325316190720e-03
3.200000000000000067e-01,-5.407840013504028320e-03
3.300000000000000155e-01,-8.912218734622001648e-03
3.400000000000000244e-01,-9.383602067828178406e-03
3.500000000000000333e-01,-8.295600302517414093e-03
3.599999999999999867e-01,-8.866294287145137787e-03
3.699999999999999956e-01,-9.524505585432052612e-03
3.800000000000000044e-01,-9.890992194414138794e-03
3.900000000000000133e-01,-1.069292239844799042e-02
4.000000000000000222e-01,-1.038136333227157593e-02
4.100000000000000311e-01,-1.140124816447496414e-02
4.199999999999999845e-01,-1.216670963913202286e-02
4.299999999999999933e-01,-1.183315087109804153e-02
4.400000000000000022e-01,-1.383715402334928513e-02
4.500000000000000111e-01,-1.634579710662364960e-02
4.600000000000000200e-01,-1.516641303896903992e-02
4.700000000000000289e-01,-1.745809800922870636e-02
4.799999999999999822e-01,-1.390623766928911209e-02
4.899999999999999911e-01,-1.836573332548141479e-02
5.000000000000000000e-01,-1.751871407032012939e-02
5.100000000000000089e-01,-1.886040158569812775e-02
5.200000000000000178e-01,-2.067285031080245972e-02
5.300000000000000266e-01,-1.934657618403434753e-02
5.400000000000000355e-01,-2.173747122287750244e-02
5.500000000000000444e-01,-2.246073819696903229e-02
5.600000000000000533e-01,-2.441551350057125092e-02
5.700000000000000622e-01,-2.386053465306758881e-02
5.799999999999999600e-01,-2.547596395015716553e-02
5.899999999999999689e-01,-2.780858241021633148e-02
5.999999999999999778e-01,-2.913211472332477570e-02
6.099999999999999867e-01,-2.824884280562400818e-02
6.199999999999999956e-01,-3.117642365396022797e-02
6.300000000000000044e-01,-3.047046437859535217e-02
6.400000000000000133e-01,-3.099343739449977875e-02
6.500000000000000222e-01,-3.324097394943237305e-02
6.600000000000000311e-01,-3.538761660456657410e-02
6.700000000000000400e-01,-3.390595689415931702e-02
6.800000000000000488e-01,-3.520826250314712524e-02
6.900000000000000577e-01,-3.649379685521125793e-02
7.000000000000000666e-01,-3.921318799257278442e-02
7.099999999999999645e-01,-4.020712152123451233e-02
7.199999999999999734e-01,-4.019162431359291077e-02
7.299999999999999822e-01,-4.204332455992698669e-02
7.399999999999999911e-01,-4.303300753235816956e-02
7.500000000000000000e-01,-4.458130896091461182e-02
7.600000000000000089e-01,-4.483154416084289551e-02
7.700000000000000178e-01,-4.494272544980049133e-02
7.800000000000000266e-01,-4.647248238325119019e-02
7.900000000000000355e-01,-4.665194451808929443e-02
8.000000000000000444e-01,-4.911452531814575195e-02
8.100000000000000533e-01,-4.862729832530021667e-02
8.200000000000000622e-01,-5.098017305135726929e-02
8.300000000000000711e-01,-5.096365883946418762e-02
8.399999999999999689e-01,-5.294493585824966431e-02
8.499999999999999778e-01,-5.453656986355781555e-02
8.599999999999999867e-01,-5.555947870016098022e-02
8.699999999999999956e-01,-5.757871642708778381e-02
8.800000000000000044e-01,-5.820557847619056702e-02
8.900000000000000133e-01,-5.836727842688560486e-02
9.000000000000000222e-01,-5.983302742242813110e-02
9.100000000000000311e-01,-6.124016270041465759e-02
9.200000000000000400e-01,-6.238168105483055115e-02
9.300000000000000488e-01,-6.333032250404357910e-02
9.400000000000000577e-01,-6.312838941812515259e-02
9.500000000000000666e-01,-6.724867224693298340e-02
9.599999999999999645e-01,-6.478506326675415039e-02
9.699999999999999734e-01,-6.638015061616897583e-02
9.799999999999999822e-01,-6.726300716400146484e-02
9.899999999999999911e-01,-6.814949959516525269e-02
1.000000000000000000e+00,-6.893325597047805786e-02
1.010000000000000009e+00,-7.240864634513854980e-02
1.020000000000000018e+00,-6.952698528766632080e-02
1.030000000000000027e+00,-7.382931560277938843e-02
1.040000000000000036e+00,-7.331427931785583496e-02
1.050000000000000044e+00,-7.572323083877563477e-02
1.060000000000000053e+00,-7.732075452804565430e-02
1.070000000000000062e+00,-7.702235877513885498e-02
1.080000000000000071e+00,-7.598432153463363647e-02
1.090000000000000080e+00,-7.803750038146972656e-02
1.100000000000000089e+00,-7.921300083398818970e-02
1.110000000000000098e+00,-7.973758131265640259e-02
1.120000000000000107e+00,-8.030148595571517944e-02
1.130000000000000115e+00,-8.026933670043945312e-02
1.140000000000000124e+00,-8.097237348556518555e-02
1.150000000000000133e+00,-8.462719619274139404e-02
1.159999999999999920e+00,-8.290699124336242676e-02
1.169999999999999929e+00,-8.533069491386413574e-02
1.179999999999999938e+00,-8.359054476022720337e-02
1.189999999999999947e+00,-8.599945157766342163e-02
1.199999999999999956e+00,-8.760345727205276489e-02
1.209999999999999964e+00,-8.800061047077178955e-02
1.219999999999999973e+00,-8.831922709941864014e-02
1.229999999999999982e+00,-8.975619077682495117e-02
1.239999999999999991e+00,-8.916702866554260254e-02
1.250000000000000000e+00,-9.011434018611907959e-02
1.260000000000000009e+00,-9.260554611682891846e-02
1.270000000000000018e+00,-9.317854046821594238e-02
1.280000000000000027e+00,-9.055545926094055176e-02
1.290000000000000036e+00,-9.410721808671951294e-02
1.300000000000000044e+00,-9.341046959161758423e-02
1.310000000000000053e+00,-9.400329738855361938e-02
1.320000000000000062e+00,-9.240835905075073242e-02
1.330000000000000071e+00,-9.480902552604675293e-02
1.340000000000000080e+00,-9.597843140363693237e-02
1.350000000000000089e+00,-9.474620968103408813e-02
1.360000000000000098e+00,-9.582701325416564941e-02
1.370000000000000107e+00,-9.437726438045501709e-02
1.380000000000000115e+00,-9.744878858327865601e-02
1.390000000000000124e+00,-9.575401991605758667e-02
1.400000000000000133e+00,-9.821983426809310913e-02
1.409999999999999920e+00,-9.756963700056076050e-02
1.419999999999999929e+00,-9.821791201829910278e-02
1.429999999999999938e+00,-9.758301079273223877e-02
1.439999999999999947e+00,-1.002036705613136292e-01
1.449999999999999956e+00,-9.839346259832382202e-02
1.459999999999999964e+00,-9.883193671703338623e-02
1.469999999999999973e+00,-9.986239671707153320e-02
1.479999999999999982e+00,-1.002175882458686829e-01
1.489999999999999991e+00,-9.895983338356018066e-02
1.500000000000000000e+00,-9.957701712846755981e-02
1.510000000000000009e+00,-1.015690788626670837e-01
1.520000000000000018e+00,-9.971607476472854614e-02
1.530000000000000027e+00,-9.984650462865829468e-02
1.540000000000000036e+00,-1.005147323012351990e-01
1.550000000000000044e+00,-9.975486248731613159e-02
1.560000000000000053e+00,-1.003152951598167419e-01
1.570000000000000062e+00,-9.950040280818939209e-02
1.580000000000000071e+00,-1.005124226212501526e-01
1.590000000000000080e+00,-9.970851242542266846e-02
1.600000000000000089e+00,-1.018418520689010620e-01
1.610000000000000098e+00,-1.027405560016632080e-01
1.620000000000000107e+00,-1.007567644119262695e-01
1.630000000000000115e+00,-9.884204715490341187e-02
1.640000000000000124e+00,-9.910667687654495239e-02
1.650000000000000133e+00,-9.876896440982818604e-02
1.660000000000000142e+00,-9.874104708433151245e-02
1.669999999999999929e+00,-9.934546798467636108e-02
1.679999999999999938e+00,-1.008111238479614258e-01
1.689999999999999947e+00,-9.900686889886856079e-02
1.699999999999999956e+00,-9.926840662956237793e-02
1.709999999999999964e+00,-9.941585361957550049e-02
1.719999999999999973e+00,-9.828676283359527588e-02
1.729999999999999982e+00,-9.891982376575469971e-02
1.739999999999999991e+00,-9.876478463411331177e-02
1.750000000000000000e+00,-9.756241738796234131e-02
1.760000000000000009e+00,-9.717071056365966797e-02
1.770000000000000018e+00,-9.777091443538665771e-02
1.780000000000000027e+00,-9.853821247816085815e-02
1.790000000000000036e+00,-9.558416157960891724e-02
1.800000000000000044e+00,-9.665687382221221924e-02
1.810000000000000053e+00,-9.488874673843383789e-02
1.820000000000000062e+00,-9.411232918500900269e-02
1.830000000000000071e+00,-9.587581455707550049e-02
1.840000000000000080e+00,-9.441661834716796875e-02
1.850000000000000089e+00,-9.587550908327102661e-02
1.860000000000000098e+00,-9.617330133914947510e-02
1.870000000000000107e+00,-9.279748052358627319e-02
1.880000000000000115e+00,-9.223790466785430908e-02
1.890000000000000124e+00,-9.330116212368011475e-02
1.900000000000000133e+00,-9.180145710706710815e-02
1.910000000000000142e+00,-9.161904454231262207e-02
1.919999999999999929e+00,-9.072193503379821777e-02
1.929999999999999938e+00,-9.055563062429428101e-02
1.939999999999999947e+00,-9.053125977516174316e-02
1.949999999999999956e+00,-8.963133394718170166e-02
1.959999999999999964e+00,-8.974697440862655640e-02
1.969999999999999973e+00,-8.680564165115356445e-02
1.979999999999999982e+00,-8.864560723304748535e-02
1.989999999999999991e+00,-8.914133906364440918e-02
2.000000000000000000e+00,-8.688578009605407715e-02
2.010000000000000231e+00,-8.628294616937637329e-02
2.020000000000000018e+00,-8.513166755437850952e-02
2.030000000000000249e+00,-8.676719665527343750e-02
2.040000000000000036e+00,-8.392807096242904663e-02
2.049999999999999822e+00,-8.433873951435089111e-02
2.060000000000000053e+00,-8.256978541612625122e-02
2.069999999999999840e+00,-8.206321299076080322e-02
2.080000000000000071e+00,-8.294432610273361206e-02
2.089999999999999858e+00,-8.308637142181396484e-02
2.100000000000000089e+00,-8.061097562313079834e-02
2.109999999999999876e+00,-8.038188517093658447e-02
2.120000000000000107e+00,-8.052659034729003906e-02
2.129999999999999893e+00,-7.899683713912963867e-02
2.140000000000000124e+00,-7.799308001995086670e-02
2.149999999999999911e+00,-7.896231114864349365e-02
2.160000000000000142e+00,-7.828024029731750488e-02
2.169999999999999929e+00,-7.712791115045547485e-02
2.180000000000000160e+00,-7.791480422019958496e-02
2.189999999999999947e+00,-7.699719071388244629e-02
2.200000000000000178e+00,-7.663457840681076050e-02
2.209999999999999964e+00,-7.540566474199295044e-02
2.220000000000000195e+00,-7.505168020725250244e-02
2.229999999999999982e+00,-7.222370058298110962e-02
2.240000000000000213e+00,-7.247287780046463013e-02
2.250000000000000000e+00,-7.424431294202804565e-02
2.260000000000000231e+00,-7.390319555997848511e-02
2.270000000000000018e+00,-7.494786381721496582e-02
2.280000000000000249e+00,-7.108332216739654541e-02
2.290000000000000036e+00,-7.030313462018966675e-02
2.300000000000000266e+00,-7.056439667940139771e-02
2.310000000000000053e+00,-6.892124563455581665e-02
2.319999999999999840e+00,-6.866634637117385864e-02
2.330000000000000071e+00,-6.855380535125732422e-02
2.339999999999999858e+00,-6.917607039213180542e-02
2.350000000000000089e+00,-6.699258089065551758e-02
2.359999999999999876e+00,-6.837106496095657349e-02
2.370000000000000107e+00,-6.673946976661682129e-02
2.379999999999999893e+00,-6.502835452556610107e-02
2.390000000000000124e+00,-6.447851657867431641e-02
2.399999999999999911e+00,-6.512178480625152588e-02
2.410000000000000142e+00,-6.435914337635040283e-02
2.419999999999999929e+00,-6.344184279441833496e-02
2.430000000000000160e+00,-6.378136575222015381e-02
2.439999999999999947e+00,-6.232504919171333313e-02
2.450000000000000178e+00,-6.305497139692306519e-02
2.459999999999999964e+00,-6.171126663684844971e-02
2.470000000000000195e+00,-6.114204972982406616e-02
2.479999999999999982e+00,-6.122951209545135498e-02
2.490000000000000213e+00,-6.165067479014396667e-02
2.500000000000000000e+00,-6.011254340410232544e-02
2.510000000000000231e+00,-6.217497587203979492e-02
2.520000000000000018e+00,-6.072767078876495361e-02
2.530000000000000249e+00,-5.928392708301544189e-02
2.540000000000000036e+00,-6.028702482581138611e-02
2.550000000000000266e+00,-5.706974864006042480e-02
2.560000000000000053e+00,-5.705052986741065979e-02
2.569999999999999840e+00,-5.901247635483741760e-02
2.580000000000000071e+00,-5.833870545029640198e-02
2.589999999999999858e+00,-5.575203895568847656e-02
2.600000000000000089e+00,-5.712459608912467957e-02
2.609999999999999876e+00,-5.619689449667930603e-02
2.620000000000000107e+00,-5.409974232316017151e-02
2.629999999999999893e+00,-5.696547776460647583e-02
2.640000000000000124e+00,-5.589260160923004150e-02
2.649999999999999911e+00,-5.578795075416564941e-02
2.660000000000000142e+00,-5.331864580512046814e-02
2.669999999999999929e+00,-5.270950123667716980e-02
2.680000000000000160e+00,-5.304421856999397278e-02
2.689999999999999947e+00,-5.382778868079185486e-02
2.700000000000000178e+00,-5.355588719248771667e-02
2.709999999999999964e+00,-5.285066366195678711e-02
2.720000000000000195e+00,-5.365270376205444336e-02
2.729999999999999982e+00,-5.092450603842735291e-02
2.740000000000000213e+00,-5.292767658829689026e-02
2.750000000000000000e+00,-5.093630775809288025e-02
2.760000000000000231e+00,-5.239286273717880249e-02
2.770000000000000018e+00,-5.198413133621215820e-02
2.780000000000000249e+00,-5.133097991347312927e-02
2.790000000000000036e+00,-5.143303796648979187e-02
2.800000000000000266e+00,-5.183328688144683838e-02
2.810000000000000053e+00,-5.008195340633392334e-02
2.819999999999999840e+00,-5.062949284911155701e-02
2.830000000000000071e+00,-5.089000985026359558e-02
2.839999999999999858e+00,-5.016406252980232239e-02
2.850000000000000089e+00,-4.991060122847557068e-02
2.859999999999999876e+00,-4.938779398798942566e-02
2.870000000000000107e+00,-4.821750894188880920e-02
2.879999999999999893e+00,-4.912338405847549438e-02
2.890000000000000124e+00,-4.979358613491058350e-02
2.899999999999999911e+00,-5.048996955156326294e-02
2.910000000000000142e+00,-4.712959006428718567e-02
2.919999999999999929e+00,-4.790504649281501770e-02
2.930000000000000160e+00,-4.731332138180732727e-02
2.939999999999999947e+00,-4.708648845553398132e-02
2.950000000000000178e+00,-4.826853796839714050e-02
2.959999999999999964e+00,-4.707603156566619873e-02
2.970000000000000195e+00,-4.774485155940055847e-02
2.979999999999999982e+00,-4.820413887500762939e-02
2.990000000000000213e+00,-4.803111404180526733e-02
3.000000000000000000e+00,-4.868161305785179138e-02
3.010000000000000231e+00,-4.675063490867614746e-02
3.020000000000000018e+00,-4.624179378151893616e-02
3.030000000000000249e+00,-4.778767377138137817e-02
3.040000000000000036e+00,-4.723753780126571655e-02
3.050000000000000266e+00,-4.690315574407577515e-02
3.060000000000000053e+00,-4.419589415192604065e-02
3.070000000000000284e+00,-4.618879780173301697e-02
3.080000000000000071e+00,-4.514073207974433899e-02
3.089999999999999858e+00,-4.563012346625328064e-02
3.100000000000000089e+00,-4.570950567722320557e-02
3.109999999999999876e+00,-4.564486071467399597e-02
3.120000000000000107e+00,-4.423884674906730652e-02
3.129999999999999893e+00,-4.433386772871017456e-02
3.140000000000000124e+00,-4.414217919111251831e-02
3.149999999999999911e+00,-4.449678212404251099e-02
3.160000000000000142e+00,-4.641245305538177490e-02
3.169999999999999929e+00,-4.237401857972145081e-02
3.180000000000000160e+00,-4.353582486510276794e-02
3.189999999999999947e+00,-4.399803653359413147e-02
3.200000000000000178e+00,-4.276027530431747437e-02
3.209999999999999964e+00,-4.347195103764533997e-02
3.220000000000000195e+00,-4.294574260711669922e-02
3.229999999999999982e+00,-4.294171184301376343e-02
3.240000000000000213e+00,-4.286579042673110962e-02
3.250000000000000000e+00,-4.285968840122222900e-02
3.260000000000000231e+00,-4.245372489094734192e-02
3.270000000000000018e+00,-4.232635721564292908e-02
3.280000000000000249e+00,-4.311577603220939636e-02
3.290000000000000036e+00,-4.130508005619049072e-02
3.300000000000000266e+00,-4.168678820133209229e-02
3.310000000000000053e+00,-4.232380166649818420e-02
3.320000000000000284e+00,-4.261934757232666016e-02
3.330000000000000071e+00,-4.055129736661911011e-02
3.339999999999999858e+00,-3.944160789251327515e-02
3.350000000000000089e+00,-4.023100063204765320e-02
3.359999999999999876e+00,-4.085865989327430725e-02
3.370000000000000107e+00,-4.039588198065757751e-02
3.379999999999999893e+00,-3.982376307249069214e-02
3.390000000000000124e+00,-4.017426073551177979e-02
3.399999999999999911e+00,-4.068989679217338562e-02
3.410000000000000142e+00,-3.991924971342086792e-02
3.419999999999999929e+00,-4.121168702840805054e-02
3.430000000000000160e+00,-3.883726894855499268e-02
3.439999999999999947e+00,-3.973039612174034119e-02
3.450000000000000178e+00,-3.930294886231422424e-02
3.459999999999999964e+00,-3.971497341990470886e-02
3.470000000000000195e+00,-3.859410807490348816e-02
3.479999999999999982e+00,-3.908308967947959900e-02
3.490000000000000213e+00,-3.703895583748817444e-02
3.500000000000000000e+00,-3.787626698613166809e-02
3.510000000000000231e+00,-3.798709437251091003e-02
3.520000000000000018e+00,-3.738011419773101807e-02
3.530000000000000249e+00,-3.860692679882049561e-02
3.540000000000000036e+00,-3.807270526885986328e-02
3.550000000000000266e+00,-3.730876371264457703e-02
3.560000000000000053e+00,-3.766631335020065308e-02
3.570000000000000284e+00,-3.480556607246398926e-02
3.580000000000000071e+00,-3.594560548663139343e-02
3.589999999999999858e+00,-3.642437979578971863e-02
3.600000000000000089e+00,-3.513253107666969299e-02
3.609999999999999876e+00,-3.726110234856605530e-02
3.620000000000000107e+00,-3.515227138996124268e-02
3.629999999999999893e+00,-3.556615486741065979e-02
3.640000000000000124e+00,-3.611373528838157654e-02
3.649999999999999911e+00,-3.439993783831596375e-02
3.660000000000000142e+00,-3.426879271864891052e-02
3.669999999999999929e+00,-3.545644506812095642e-02
3.680000000000000160e+00,-3.336606919765472412e-02
3.689999999999999947e+00,-3.482361882925033569e-02
3.700000000000000178e+00,-3.490892052650451660e-02
3.709999999999999964e+00,-3.493497520685195923e-02
3.720000000000000195e+00,-3.313422575592994690e-02
3.729999999999999982e+00,-3.410179913043975830e-02
3.740000000000000213e+00,-3.130224347114562988e-02
3.750000000000000000e+00,-3.114915266633033752e-02
3.760000000000000231e+00,-3.136241063475608826e-02
3.770000000000000018e+00,-3.152358904480934143e-02
3.780000000000000249e+00,-3.267074003815650940e-02
3.790000000000000036e+00,-3.093183785676956177e-02
3.800000000000000266e+00,-3.031328134238719940e-02
3.810000000000000053e+00,-3.065360710024833679e-02
3.820000000000000284e+00,-3.019566833972930908e-02
3.830000000000000071e+00,-3.013773076236248016e-02
3.839999999999999858e+00,-2.932785265147686005e-02
3.850000000000000089e+00,-2.808091044425964355e-02
3.859999999999999876e+00,-3.212613612413406372e-02
3.870000000000000107e+00,-3.043339587748050690e-02
3.879999999999999893e+00,-2.882273122668266296e-02
3.890000000000000124e+00,-2.825689129531383514e-02
3.899999999999999911e+00,-2.839003689587116241e-02
3.910000000000000142e+00,-3.002697788178920746e-02
3.919999999999999929e+00,-2.931300178170204163e-02
3.930000000000000160e+00,-2.745104394853115082e-02
3.939999999999999947e+00,-2.817307971417903900e-02
3.950000000000000178e+00,-2.571949176490306854e-02
3.959999999999999964e+00,-2.636807784438133240e-02
3.970000000000000195e+00,-2.666342072188854218e-02
3.979999999999999982e+00,-2.541995421051979065e-02
3.990000000000000213e+00,-2.808395959436893463e-02
4.000000000000000000e+00,-2.586121857166290283e-02
4.009999999999999787e+00,-2.606874145567417145e-02
4.020000000000000462e+00,-2.514218166470527649e-02
4.030000000000000249e+00,-2.487275563180446625e-02
4.040000000000000036e+00,-2.502403967082500458e-02
4.049999999999999822e+00,-2.346857823431491852e-02
4.060000000000000497e+00,-2.194962278008460999e-02
4.070000000000000284e+00,-2.276389300823211670e-02
4.080000000000000071e+00,-2.307457104325294495e-02
4.089999999999999858e+00,-2.254017814993858337e-02
4.099999999999999645e+00,-2.384563349187374115e-02
4.110000000000000320e+00,-2.265027724206447601e-02
4.120000000000000107e+00,-2.301716618239879608e-02
4.129999999999999893e+00,-2.260518446564674377e-02
4.139999999999999680e+00,-2.250788733363151550e-02
4.150000000000000355e+00,-2.126094698905944824e-02
4.160000000000000142e+00,-2.207757160067558289e-02
4.169999999999999929e+00,-2.074905857443809509e-02
4.179999999999999716e+00,-2.133847773075103760e-02
4.190000000000000391e+00,-2.056874334812164307e-02
4.200000000000000178e+00,-1.826713234186172485e-02
4.209999999999999964e+00,-2.171971462666988373e-02
4.219999999999999751e+00,-1.765406131744384766e-02
4.230000000000000426e+00,-2.167879603803157806e-02
4.240000000000000213e+00,-1.857424154877662659e-02
4.250000000000000000e+00,-1.674077287316322327e-02
4.259999999999999787e+00,-1.954820565879344940e-02
4.270000000000000462e+00,-1.842336915433406830e-02
4.280000000000000249e+00,-1.767812296748161316e-02
4.290000000000000036e+00,-1.844897866249084473e-02
4.299999999999999822e+00,-1.729604229331016541e-02
4.310000000000000497e+00,-1.888833381235599518e-02
4.320000000000000284e+00,-1.760276965796947479e-02
4.330000000000000071e+00,-1.829170808196067810e-02
4.339999999999999858e+00,-1.778540946543216705e-02
4.350000000000000533e+00,-1.864682510495185852e-02
4.360000000000000320e+00,-1.786206103861331940e-02
4.370000000000000107e+00,-1.549175009131431580e-02
4.379999999999999893e+00,-1.739434525370597839e-02
4.389999999999999680e+00,-1.488486211746931076e-02
4.400000000000000355e+00,-1.642069593071937561e-02
4.410000000000000142e+00,-1.481561083346605301e-02
4.419999999999999929e+00,-1.663387939333915710e-02
4.429999999999999716e+00,-1.439956948161125183e-02
4.440000000000000391e+00,-1.667877472937107086e-02
4.450000000000000178e+00,-1.332820765674114227e-02
4.459999999999999964e+00,-1.474006660282611847e-02
4.469999999999999751e+00,-1.626511476933956146e-02
4.480000000000000426e+00,-1.427631452679634094e-02
4.490000000000000213e+00,-1.426712702959775925e-02
4.500000000000000000e+00,-1.447217911481857300e-02
4.509999999999999787e+00,-1.428849529474973679e-02
4.520000000000000462e+00,-1.437429524958133698e-02
4.530000000000000249e+00,-1.436808891594409943e-02
4.540000000000000036e+00,-1.300596818327903748e-02
4.549999999999999822e+00,-1.394435670226812363e-02
4.560000000000000497e+00,-1.333333365619182587e-02
4.570000000000000284e+00,-1.280810683965682983e-02
4.580000000000000071e+00,-1.358279772102832794e-02
4.589999999999999858e+00,-1.355509646236896515e-02
4.600000000000000533e+00,-1.296396646648645401e-02
4.610000000000000320e+00,-1.096491422504186630e-02
4.620000000000000107e+00,-1.297378819435834885e-02
4.629999999999999893e+00,-1.382535696029663086e-02
4.639999999999999680e+00,-1.372697018086910248e-02
4.650000000000000355e+00,-1.323182415217161179e-02
4.660000000000000142e+00,-1.205076836049556732e-02
4.669999999999999929e+00,-1.159520912915468216e-02
4.679999999999999716e+00,-1.195753179490566254e-02
4.690000000000000391e+00,-1.338233985006809235e-02
4.700000000000000178e+00,-1.268909499049186707e-02
4.709999999999999964e+00,-1.228936389088630676e-02
4.719999999999999751e+00,-1.083894539624452591e-02
4.730000000000000426e+00,-1.126371696591377258e-02
4.740000000000000213e+00,-1.147760543972253799e-02
4.750000000000000000e+00,-1.058303471654653549e-02
4.759999999999999787e+00,-1.168673112988471985e-02
4.770000000000000462e+00,-1.152231823652982712e-02
4.780000000000000249e+00,-1.131545659154653549e-02
4.790000000000000036e+00,-1.160701829940080643e-02
4.799999999999999822e+00,-1.263007987290620804e-02
4.810000000000000497e+00,-1.064802147448062897e-02
4.820000000000000284e+00,-9.379858151078224182e-03
4.830000000000000071e+00,-8.842003531754016876e-03
4.839999999999999858e+00,-1.216011587530374527e-02
4.850000000000000533e+00,-1.118321903049945831e-02
4.860000000000000320e+00,-1.068625133484601974e-02
4.870000000000000107e+00,-1.067256648093461990e-02
4.879999999999999893e+00,-1.002334989607334137e-02
4.889999999999999680e+00,-1.036543305963277817e-02
4.900000000000000355e+00,-9.673621505498886108e-03
4.910000000000000142e+00,-1.045425236225128174e-02
4.919999999999999929e+00,-1.054894272238016129e-02
4.929999999999999716e+00,-9.431028738617897034e-03
4.940000000000000391e+00,-1.047441083937883377e-02
4.950000000000000178e+00,-9.959335438907146454e-03
4.959999999999999964e+00,-1.047595776617527008e-02
4.969999999999999751e+00,-1.086239796131849289e-02
4.980000000000000426e+00,-8.531386964023113251e-03
4.990000000000000213e+00,-8.961677551269531250e-03
5.000000000000000000e+00,-9.201494045555591583e-03
5.009999999999999787e+00,-9.731934405863285065e-03
5.020000000000000462e+00,-9.651833213865756989e-03
5.030000000000000249e+00,-1.090332400053739548e-02
5.040000000000000036e+00,-9.233893826603889465e-03
5.049999999999999822e+00,-9.421572089195251465e-03
5.060000000000000497e+00,-8.145787753164768219e-03
5.070000000000000284e+00,-1.019960828125476837e-02
5.080000000000000071e+00,-1.027209591120481491e-02
5.089999999999999858e+00,-9.250651113688945770e-03
5.100000000000000533e+00,-1.150278281420469284e-02
5.110000000000000320e+00,-8.895721286535263062e-03
5.120000000000000107e+00,-1.083993632346391678e-02
5.129999999999999893e+00,-8.652976714074611664e-03
5.139999999999999680e+00,-8.174774236977100372e-03
5.150000000000000355e+00,-8.424942381680011749e-03
5.160000000000000142e+00,-8.597399108111858368e-03
5.169999999999999929e+00,-8.610297925770282745e-03
5.179999999999999716e+00,-8.988820016384124756e-03
5.190000000000000391e+00,-8.552067913115024567e-03
5.200000000000000178e+00,-8.982786908745765686e-03
5.209999999999999964e+00,-7.029603235423564911e-03
5.219999999999999751e+00,-6.377891171723604202e-03
5.230000000000000426e+00,-8.436265401542186737e-03
5.240000000000000213e+00,-8.844870142638683319e-03
5.250000000000000000e+00,-7.422719616442918777e-03
5.259999999999999787e+00,-6.401161663234233856e-03
5.270000000000000462e+00,-6.208003964275121689e-03
5.280000000000000249e+00,-8.877316489815711975e-03
5.290000000000000036e+00,-8.781016804277896881e-03
5.299999999999999822e+00,-7.420215755701065063e-03
5.310000000000000497e+00,-9.143332950770854950e-03
5.320000000000000284e+00,-7.918491959571838379e-03
5.330000000000000071e+00,-6.882465444505214691e-03
5.339999999999999858e+00,-8.075646124780178070e-03
5.350000000000000533e+00,-8.124034851789474487e-03
5.360000000000000320e+00,-7.524996530264616013e-03
5.370000000000000107e+00,-8.422452956438064575e-03
5.379999999999999893e+00,-7.408535107970237732e-03
5.389999999999999680e+00,-7.139567751437425613e-03
5.400000000000000355e+00,-7.252607960253953934e-03
5.410000000000000142e+00,-7.700733840465545654e-03
5.419999999999999929e+00,-8.897082880139350891e-03
5.429999999999999716e+00,-8.158113807439804077e-03
5.440000000000000391e+00,-7.999412715435028076e-03
5.450000000000000178e+00,-7.802897132933139801e-03
5.459999999999999964e+00,-7.388128899037837982e-03
5.469999999999999751e+00,-8.090522140264511108e-03
5.480000000000000426e+00,-6.077862344682216644e-03
5.490000000000000213e+00,-7.141346111893653870e-03
5.500000000000000000e+00,-6.912036333233118057e-03
5.509999999999999787e+00,-7.371454499661922455e-03
5.520000000000000462e+00,-6.729219574481248856e-03
5.530000000000000249e+00,-6.055721547454595566e-03
5.540000000000000036e+00,-8.404413238167762756e-03
5.549999999999999822e+00,-7.853210903704166412e-03
5.560000000000000497e+00,-6.250220350921154022e-03
5.570000000000000284e+00,-7.830013521015644073e-03
5.580000000000000071e+00,-7.313629612326622009e-03
5.589999999999999858e+00,-6.738123018294572830e-03
5.600000000000000533e+00,-7.128100376576185226e-03
5.610000000000000320e+00,-7.415894884616136551e-03
5.620000000000000107e+00,-8.464668877422809601e-03
5.629999999999999893e+00,-5.996144842356443405e-03
5.639999999999999680e+00,-7.908877916634082794e-03
5.650000000000000355e+00,-6.020449567586183548e-03
5.660000000000000142e+00,-5.592385772615671158e-03
5.669999999999999929e+00,-4.823237657546997070e-03
5.679999999999999716e+00,-6.732289679348468781e-03
5.690000000000000391e+00,-6.224683020263910294e-03
5.700000000000000178e+00,-5.607721861451864243e-03
5.709999999999999964e+00,-5.508269648998975754e-03
5.719999999999999751e+00,-5.424393806606531143e-03
5.730000000000000426e+00,-4.014004487544298172e-03
5.740000000000000213e+00,-5.651061888784170151e-03
5.750000000000000000e+00,-4.897003062069416046e-03
5.759999999999999787e+00,-3.874772926792502403e-03
5.770000000000000462e+00,-6.128000095486640930e-03
5.780000000000000249e+00,-4.751496016979217529e-03
5.790000000000000036e+00,-4.690960980951786041e-03
5.799999999999999822e+00,-3.702420741319656372e-03
5.810000000000000497e+00,-6.172728259116411209e-03
5.820000000000000284e+00,-4.663940984755754471e-03
5.830000000000000071e+00,-4.378102719783782959e-03
5.839999999999999858e+00,-5.530351772904396057e-03
5.850000000000000533e+00,-5.082826595753431320e-03
5.860000000000000320e+00,-6.418676581233739853e-03
5.870000000000000107e+00,-5.370515398681163788e-03
5.879999999999999893e+00,-4.861027002334594727e-03
5.889999999999999680e+00,-4.774830769747495651e-03
5.900000000000000355e+00,-4.578409250825643539e-03
5.910000000000000142e+00,-3.627984784543514252e-03
5.919999999999999929e+00,-4.713253583759069443e-03
5.929999999999999716e+00,-5.388278048485517502e-03
5.940000000000000391e+00,-3.059218404814600945e-03
5.950000000000000178e+00,-4.440707154572010040e-03
5.959999999999999964e+00,-3.860984463244676590e-03
5.969999999999999751e+00,-4.353359807282686234e-03
5.980000000000000426e+00,-2.922860905528068542e-03
5.990000000000000213e+00,-4.983198363333940506e-03
6.000000000000000000e+00,-5.689858924597501755e-03
6.009999999999999787e+00,-3.481602296233177185e-03
6.020000000000000462e+00,-4.797809291630983353e-03
6.030000000000000249e+00,-4.610969219356775284e-03
6.040000000000000036e+00,-4.149060230702161789e-03
6.049999999999999822e+00,-2.545907394960522652e-03
6.060000000000000497e+00,-4.410603083670139313e-03
6.070000000000000284e+00,-2.502194605767726898e-03
6.080000000000000071e+00,-3.541967133060097694e-03
6.089999999999999858e+00,-2.535159932449460030e-03
6.100000000000000533e+00,-3.642004448920488358e-03
6.110000000000000320e+00,-2.273654565215110779e-03
6.120000000000000107e+00,-1.603143988177180290e-03
6.129999999999999893e+00,-3.479876788333058357e-03
6.140000000000000568e+00,-1.147284754551947117e-03
6.150000000000000355e+00,-2.311781281605362892e-03
6.160000000000000142e+00,-3.162977984175086021e-03
6.169999999999999929e+00,-2.682059537619352341e-03
6.179999999999999716e+00,-1.354977488517761230e-03
6.190000000000000391e+00,-1.560828764922916889e-03
6.200000000000000178e+00,-2.604445442557334900e-03
6.209999999999999964e+00,-3.194789635017514229e-03
6.219999999999999751e+00,-1.645943499170243740e-03
6.230000000000000426e+00,-3.079052316024899483e-03
6.240000000000000213e+00,-1.964654773473739624e-03
6.250000000000000000e+00,-3.012795001268386841e-03
6.259999999999999787e+00,-1.138937193900346756e-03
6.270000000000000462e+00,-6.752705667167901993e-04
6.280000000000000249e+00,-1.689492259174585342e-03
6.290000000000000036e+00,-1.384568400681018829e-03
6.299999999999999822e+00,-3.613927867263555527e-03
6.310000000000000497e+00,-2.487985882908105850e-03
6.320000000000000284e+00,-2.831192919984459877e-03
6.330000000000000071e+00,6.509109516628086567e-04
6.339999999999999858e+00,-2.192398998886346817e-03
6.350000000000000533e+00,-1.747756497934460640e-03
6.360000000000000320e+00,-2.951878588646650314e-03
6.370000000000000107e+00,-2.197785768657922745e-03
6.379999999999999893e+00,-1.228735898621380329e-03
6.390000000000000568e+00,-9.157638414762914181e-04
6.400000000000000355e+00,-1.076655578799545765e-03
6.410000000000000142e+00,-2.931422786787152290e-03
6.419999999999999929e+00,-1.631384948268532753e-04
6.429999999999999716e+00,-1.023549120873212814e-03
6.440000000000000391e+00,-2.536709653213620186e-03
6.450000000000000178e+00,-2.475624205544590950e-03
6.459999999999999964e+00,2.772003354039043188e-04
6.469999999999999751e+00,-9.154968429356813431e-04
6.480000000000000426e+00,-1.336174318566918373e-03
6.490000000000000213e+00,-3.012252273038029671e-03
6.500000000000000000e+00,-1.014938345178961754e-03
6.509999999999999787e+00,-1.158309285528957844e-03
6.520000000000000462e+00,-1.385623472742736340e-03
6.530000000000000249e+00,-6.231742445379495621e-04
6.540000000000000036e+00,-5.349233397282660007e-04
6.549999999999999822e+00,-1.306135673075914383e-03
6.560000000000000497e+00,-2.029107650741934776e-03
6.570000000000000284e+00,-3.474279306828975677e-03
6.580000000000000071e+00,-2.990058157593011856e-03
6.589999999999999858e+00,-1.652390114031732082e-03
6.600000000000000533e+00,-9.038898278959095478e-04
6.610000000000000320e+00,9.327913285233080387e-04
6.620000000000000107e+00,-1.315035857260227203e-03
6.629999999999999893e+00,-2.249722136184573174e-03
6.640000000000000568e+00,-1.837553572840988636e-03
6.650000000000000355e+00,-2.184742916142567992e-04
6.660000000000000142e+00,-4.268413176760077477e-04
6.669999999999999929e+00,-8.078521350398659706e-04
6.679999999999999716e+00,-1.249535474926233292e-03
6.690000000000000391e+00,-5.370506551116704941e-04
6.700000000000000178e+00,-8.469703025184571743e-04
6.709999999999999964e+00,-2.413121255813166499e-04
6.719999999999999751e+00,-1.875325571745634079e-03
6.730000000000000426e+00,-3.089744830504059792e-03
6.740000000000000213e+00,1.073893043212592602e-03
6.750000000000000000e+00,-3.400063433218747377e-04
6.759999999999999787e+00,-2.574936253949999809e-03
6.770000000000000462e+00,-1.858547213487327099e-03
6.780000000000000249e+00,-2.080998383462429047e-03
6.790000000000000036e+00,-2.757472917437553406e-03
6.799999999999999822e+00,-1.603785087354481220e-03
6.810000000000000497e+00,1.654387597227469087e-04
6.820000000000000284e+00,-1.728639821521937847e-03
6.830000000000000071e+00,-1.129713258706033230e-03
6.839999999999999858e+00,-7.720481953583657742e-04
6.850000000000000533e+00,-2.457401715219020844e-03
6.860000000000000320e+00,-6.130941328592598438e-04
6.870000000000000107e+00,-2.530359430238604546e-03
6.879999999999999893e+00,-1.391984056681394577e-03
6.890000000000000568e+00,-1.786040142178535461e-03
6.900000000000000355e+00,-8.687279769219458103e-04
6.910000000000000142e+00,-1.740338047966361046e-03
6.919999999999999929e+00,-1.853183493949472904e-03
6.929999999999999716e+00,-1.218825695104897022e-03
6.940000000000000391e+00,-6.592950667254626751e-04
6.950000000000000178e+00,-7.283354061655700207e-04
6.959999999999999964e+00,-2.958027471322566271e-04
6.969999999999999751e+00,-2.299220999702811241e-03
6.980000000000000426e+00,-1.653459155932068825e-03
6.990000000000000213e+00,-9.716915665194392204e-04
7.000000000000000000e+00,-8.833567262627184391e-04
7.009999999999999787e+00,-1.520786667242646217e-03
7.020000000000000462e+00,-1.647474127821624279e-03
7.030000000000000249e+00,-2.307363320142030716e-03
7.040000000000000036e+00,-2.740507807175163180e-05
7.049999999999999822e+00,-2.065724460408091545e-03
7.060000000000000497e+00,-2.936858450993895531e-03
7.070000000000000284e+00,-1.288166968151926994e-03
7.080000000000000071e+00,-2.865120768547058105e-03
7.089999999999999858e+00,-2.844714326784014702e-03
7.100000000000000533e+00,-2.530045574530959129e-03
7.110000000000000320e+00,-2.089355606585741043e-03
7.120000000000000107e+00,-3.637510584667325020e-03
7.129999999999999893e+00,-2.505349693819880486e-03
7.140000000000000568e+00,-1.623823074623942375e-03
7.150000000000000355e+00,-1.242333673872053623e-03
7.160000000000000142e+00,-6.098266458138823509e-04
7.169999999999999929e+00,-2.911946037784218788e-03
7.179999999999999716e+00,-3.844126360490918159e-03
7.190000000000000391e+00,-1.947649521753191948e-03
7.200000000000000178e+00,-1.449756207875907421e-03
7.209999999999999964e+00,-3.753630910068750381e-03
7.219999999999999751e+00,-2.426636870950460434e-03
7.230000000000000426e+00,-2.289744326844811440e-03
7.240000000000000213e+00,-2.954414580017328262e-03
7.250000000000000000e+00,-2.091544680297374725e-03
7.259999999999999787e+00,-3.115552011877298355e-03
7.270000000000000462e+00,-1.183925662189722061e-03
7.280000000000000249e+00,-7.799952290952205658e-04
7.290000000000000036e+00,-1.942549832165241241e-03
7.299999999999999822e+00,-3.722376422956585884e-03
7.310000000000000497e+00,-2.520156558603048325e-03
7.320000000000000284e+00,-2.965750638395547867e-03
7.330000000000000071e+00,-4.443944781087338924e-04
7.339999999999999858e+00,-3.959195688366889954e-03
7.350000000000000533e+00,-1.991549041122198105e-03
7.360000000000000320e+00,-2.638526028022170067e-03
7.370000000000000107e+00,-3.325392957776784897e-03
7.379999999999999893e+00,-1.420883229002356529e-03
7.390000000000000568e+00,-3.302388591691851616e-03
7.400000000000000355e+00,-1.048489357344806194e-03
7.410000000000000142e+00,-3.208535257726907730e-03
7.419999999999999929e+00,-3.025463316589593887e-03
7.429999999999999716e+00,-7.694929372519254684e-04
7.440000000000000391e+00,-1.707354676909744740e-03
7.450000000000000178e+00,-1.643259893171489239e-03
7.459999999999999964e+00,-2.716398565098643303e-03
7.469999999999999751e+00,-2.829852281138300896e-03
7.480000000000000426e+00,-1.975388731807470322e-03
7.490000000000000213e+00,-2.450089901685714722e-03
7.500000000000000000e+00,-1.920671085827052593e-03
7.509999999999999787e+00,-1.693136175163090229e-03
7.520000000000000462e+00,-4.003090143669396639e-04
7.530000000000000249e+00,-2.052464289590716362e-03
7.540000000000000036e+00,-2.490827115252614021e-03
7.549999999999999822e+00,-1.996331615373492241e-03
7.560000000000000497e+00,-3.481510211713612080e-04
7.570000000000000284e+00,-8.692592382431030273e-04
7.580000000000000071e+00,-2.427145838737487793e-03
7.589999999999999858e+00,-2.026310190558433533e-03
7.600000000000000533e+00,1.649136247579008341e-04
7.610000000000000320e+00,-7.195600774139165878e-04
7.620000000000000107e+00,-2.588911913335323334e-03
7.629999999999999893e+00,-1.316618407145142555e-03
7.640000000000000568e+00,-1.736408914439380169e-03
7.650000000000000355e+00,-1.319523900747299194e-03
7.660000000000000142e+00,-2.581568900495767593e-03
7.669999999999999929e+00,-4.403584534884430468e-05
7.679999999999999716e+00,-3.524135900079272687e-05
7.690000000000000391e+00,-2.829187316820025444e-03
7.700000000000000178e+00,-6.871570803923532367e-05
7.709999999999999964e+00,-2.652961527928709984e-03
7.719999999999999751e+00,-4.823199706152081490e-04
7.730000000000000426e+00,-1.426390721462666988e-03
7.740000000000000213e+00,-8.754742448218166828e-04
7.750000000000000000e+00,-5.331168067641556263e-04
7.759999999999999787e+00,-5.401907837949693203e-04
7.770000000000000462e+00,-1.156024518422782421e-03
7.780000000000000249e+00,2.457324007991701365e-04
7.790000000000000036e+00,9.869458881439641118e-05
7.799999999999999822e+00,-1.622242387384176254e-03
7.810000000000000497e+00,-1.276038237847387791e-03
7.820000000000000284e+00,-9.513171244179829955e-05
7.830000000000000071e+00,-1.042918185703456402e-03
7.839999999999999858e+00,-1.204078085720539093e-03
7.850000000000000533e+00,-5.931859050178900361e-05
7.860000000000000320e+00,-1.512895454652607441e-03
7.870000000000000107e+00,8.899905369617044926e-04
7.879999999999999893e+00,1.188043606816790998e-04
7.890000000000000568e+00,-6.141035119071602821e-04
7.900000000000000355e+00,-8.581827860325574875e-04
7.910000000000000142e+00,1.489754795329645276e-04
7.919999999999999929e+00,-1.724544854369014502e-04
7.930000000000000604e+00,-1.993294572457671165e-03
7.940000000000000391e+00,3.085678617935627699e-04
7.950000000000000178e+00,-9.322544792667031288e-04
7.959999999999999964e+00,9.390421473653987050e-05
7.969999999999999751e+00,-4.628304450307041407e-04
7.980000000000000426e+00,7.849003304727375507e-05
7.990000000000000213e+00,3.461824380792677402e-04
8.000000000000000000e+00,-2.783041272778064013e-04
8.009999999999999787e+00,5.680056056007742882e-04
8.019999999999999574e+00,6.692831520922482014e-04
8.029999999999999361e+00,-8.134734234772622585e-04
8.040000000000000924e+00,-6.984148640185594559e-04
8.050000000000000711e+00,3.428148338571190834e-04
8.060000000000000497e+00,2.743509539868682623e-04
8.070000000000000284e+00,4.455461166799068451e-04
8.080000000000000071e+00,-2.350424765609204769e-04
8.089999999999999858e+00,4.569853772409260273e-04
8.099999999999999645e+00,2.776249311864376068e-04
8.109999999999999432e+00,-1.094562539947219193e-04
8.120000000000000995e+00,-1.239526900462806225e-04
8.130000000000000782e+00,1.775307347998023033e-03
8.140000000000000568e+00,9.315398056060075760e-04
8.150000000000000355e+00,-8.151547081070020795e-05
8.160000000000000142e+00,-1.665134681388735771e-03
8.169999999999999929e+00,1.587890903465449810e-03
8.179999999999999716e+00,-1.737022423185408115e-03
8.189999999999999503e+00,5.486818263307213783e-04
8.199999999999999289e+00,1.607494777999818325e-04
8.210000000000000853e+00,-2.341458312002941966e-04
8.220000000000000639e+00,2.455688314512372017e-03
8.230000000000000426e+00,7.398696034215390682e-04
8.240000000000000213e+00,2.153564710170030594e-03
8.250000000000000000e+00,2.176131354644894600e-03
8.259999999999999787e+00,1.142108347266912460e-03
8.269999999999999574e+00,6.657147314399480820e-04
8.279999999999999361e+00,1.582311815582215786e-03
8.290000000000000924e+00,8.297026506625115871e-04
8.300000000000000711e+00,-7.100655930116772652e-04
8.310000000000000497e+00,5.584973259828984737e-04
8.320000000000000284e+00,5.948805483058094978e-04
8.330000000000000071e+00,1.050460734404623508e-03
8.339999999999999858e+00,2.704753074795007706e-03
8.349999999999999645e+00,-1.446698908694088459e-03
8.359999999999999432e+00,2.153028035536408424e-03
8.370000000000000995e+00,9.825343731790781021e-04
8.380000000000000782e+00,3.777369565796107054e-04
8.390000000000000568e+00,4.328430513851344585e-04
8.400000000000000355e+00,1.360468915663659573e-03
8.410000000000000142e+00,2.055511344224214554e-03
8.419999999999999929e+00,3.950901445932686329e-04
8.429999999999999716e+00,7.942955708131194115e-04
8.439999999999999503e+00,2.512218779884278774e-04
8.449999999999999289e+00,5.058991373516619205e-04
8.460000000000000853e+00,4.660758713725954294e-04
8.470000000000000639e+00,-6.646803813055157661e-04
8.480000000000000426e+00,2.820329682435840368e-04
8.490000000000000213e+00,4.165603313595056534e-04
8.500000000000000000e+00,7.162383990362286568e-04
8.509999999999999787e+00,1.557276234962046146e-03
8.519999999999999574e+00,2.968654036521911621e-03
8.529999999999999361e+00,2.125470200553536415e-04
8.540000000000000924e+00,7.904837257228791714e-04
8.550000000000000711e+00,-7.717255357420071959e-05
8.560000000000000497e+00,-4.271277575753629208e-04
8.570000000000000284e+00,2.014687750488519669e-03
8.580000000000000071e+00,-1.518335338914766908e-04
8.589999999999999858e+00,1.339166919933632016e-04
8.599999999999999645e+00,9.416553657501935959e-04
8.609999999999999432e+00,-3.895457193721085787e-04
8.620000000000000995e+00,5.570617504417896271e-04
8.630000000000000782e+00,1.284819911234080791e-03
8.640000000000000568e+00,1.043982105329632759e-03
8.650000000000000355e+00,1.021467032842338085e-03
8.660000000000000142e+00,3.648870624601840973e-04
8.669999999999999929e+00,5.930796032771468163e-04
8.679999999999999716e+00,1.718731073196977377e-04
8.689999999999999503e+00,1.617183210328221321e-03
8.700000000000001066e+00,2.396992495050653815e-04
8.710000000000000853e+00,7.217186503112316132e-04
8.720000000000000639e+00,3.022671444341540337e-03
8.730000000000000426e+00,-2.853400073945522308e-04
8.740000000000000213e+00,7.584700360894203186e-04
8.750000000000000000e+00,2.103679289575666189e-04
8.759999999999999787e+00,5.578636773861944675e-04
8.769999999999999574e+00,3.347281599417328835e-04
8.779999999999999361e+00,4.690128553193062544e-04
8.790000000000000924e+00,1.572175999172031879e-03
8.800000000000000711e+00,-5.831913440488278866e-04
8.810000000000000497e+00,5.453404737636446953e-04
8.820000000000000284e+00,2.671729307621717453e-03
8.830000000000000071e+00,-7.581321988254785538e-04
8.839999999999999858e+00,8.319163462147116661e-04
8.849999999999999645e+00,1.527987420558929443e-03
8.859999999999999432e+00,1.255785580724477768e-03
8.870000000000000995e+00,1.040250179357826710e-03
8.880000000000000782e+00,-7.475465099560096860e-05
8.890000000000000568e+00,-4.120884696021676064e-04
8.900000000000000355e+00,1.132840523496270180e-03
8.910000000000000142e+00,1.531235640868544579e-03
8.919999999999999929e+00,1.141757238656282425e-03
8.929999999999999716e+00,-1.644019212108105421e-04
8.939999999999999503e+00,1.761708525009453297e-03
8.950000000000001066e+00,-5.177888670004904270e-04
8.960000000000000853e+00,-5.131788202561438084e-04
8.970000000000000639e+00,5.801685038022696972e-04
8.980000000000000426e+00,-1.832688460126519203e-03
8.990000000000000213e+00,6.526994402520358562e-04
9.000000000000000000e+00,2.887352311518043280e-04
9.009999999999999787e+00,1.935367472469806671e-03
9.019999999999999574e+00,1.619378890609368682e-04
9.029999999999999361e+00,-1.413169084116816521e-04
9.040000000000000924e+00,2.032951742876321077e-04
9.050000000000000711e+00,-5.940673145232722163e-05
9.060000000000000497e+00,-1.600633142516016960e-03
9.070000000000000284e+00,1.526054460555315018e-03
9.080000000000000071e+00,1.449086237698793411e-03
9.089999999999999858e+00,6.945589120732620358e-05
9.099999999999999645e+00,5.649450467899441719e-04
9.109999999999999432e+00,1.175965764559805393e-03
9.120000000000000995e+00,-4.085011023562401533e-04
9.130000000000000782e+00,-4.884460940957069397e-04
9.140000000000000568e+00,6.024623289704322815e-04
9.150000000000000355e+00,-2.801250375341624022e-04
9.160000000000000142e+00,1.032709587889257818e-05
9.169999999999999929e+00,5.904597928747534752e-04
9.179999999999999716e+00,-1.988958538277074695e-04
9.189999999999999503e+00,-5.092886858619749546e-04
9.200000000000001066e+00,-9.009231580421328545e-04
9.210000000000000853e+00,6.937194848433136940e-04
9.220000000000000639e+00,-1.359481248073279858e-04
9.230000000000000426e+00,-7.067606929922476411e-05
9.240000000000000213e+00,-8.714179275557398796e-04
9.250000000000000000e+00,1.086795935407280922e-03
9.259999999999999787e+00,-6.353243952617049217e-04
9.269999999999999574e+00,1.371120451949536800e-03
9.279999999999999361e+00,1.003018114715814590e-03
9.290000000000000924e+00,-1.874656300060451031e-04
9.300000000000000711e+00,-1.315828878432512283e-03
9.310000000000000497e+00,1.318429829552769661e-03
9.320000000000000284e+00,1.668615266680717468e-03
9.330000000000000071e+00,1.773253170540556312e-04
9.339999999999999858e+00,-1.465299719711765647e-04
9.349999999999999645e+00,8.541455608792603016e-04
9.359999999999999432e+00,-1.446739071980118752e-03
9.370000000000000995e+00,-5.325812380760908127e-04
9.380000000000000782e+00,8.098850958049297333e-04
9.390000000000000568e+00,-1.896926667541265488e-03
9.400000000000000355e+00,9.415514068678021431e-04
9.410000000000000142e+00,7.912535802461206913e-04
9.419999999999999929e+00,1.463074935600161552e-03
9.429999999999999716e+00,-1.589117600815370679e-04
9.439999999999999503e+00,-6.700964877381920815e-04
9.450000000000001066e+00,5.586137995123863220e-04
9.460000000000000853e+00,-7.811607065377756953e-05
9.470000000000000639e+00,-1.757618738338351250e-03
9.480000000000000426e+00,7.212927448563277721e-04
9.490000000000000213e+00,2.672098344191908836e-04
9.500000000000000000e+00,1.354006002657115459e-03
9.509999999999999787e+00,8.574970415793359280e-04
9.519999999999999574e+00,3.003601450473070145e-04
9.529999999999999361e+00,3.832283837255090475e-04
9.540000000000000924e+00,7.754712132737040520e-04
9.550000000000000711e+00,-1.461540348827838898e-03
9.560000000000000497e+00,-1.904714619740843773e-03
9.570000000000000284e+00,1.674156170338392258e-03
9.580000000000000071e+00,-9.067599421541672200e-06
9.589999999999999858e+00,-3.427941119298338890e-04
9.599999999999999645e+00,-1.104260561987757683e-03
9.609999999999999432e+00,-2.154453191906213760e-03
9.620000000000000995e+00,1.599372480995953083e-03
9.630000000000000782e+00,-7.790584277245216072e-06
9.640000000000000568e+00,7.327623461605980992e-05
9.650000000000000355e+00,-7.753154495730996132e-04
9.660000000000000142e+00,-2.248227363452315331e-03
9.669999999999999929e+00,4.449467523954808712e-04
9.679999999999999716e+00,-1.702784094959497452e-03
9.689999999999999503e+00,1.036254907376132905e-04
9.700000000000001066e+00,2.045671571977436543e-04
9.710000000000000853e+00,-6.425966275855898857e-04
9.720000000000000639e+00,9.915065020322799683e-04
9.730000000000000426e+00,-1.056315028108656406e-03
9.740000000000000213e+00,2.568543422967195511e-04
9.750000000000000000e+00,1.766869565472006798e-03
9.759999999999999787e+00,-1.046843244694173336e-03
9.769999999999999574e+00,-2.291217824677005410e-04
9.779999999999999361e+00,-2.299391780979931355e-04
9.790000000000000924e+00,2.192467072745785117e-04
9.800000000000000711e+00,-2.940047415904700756e-04
9.810000000000000497e+00,-1.440169056877493858e-03
9.820000000000000284e+00,-2.070868358714506030e-04
9.830000000000000071e+00,-1.336725894361734390e-03
9.839999999999999858e+00,-3.673413084470666945e-05
9.849999999999999645e+00,-4.834755382034927607e-04
9.859999999999999432e+00,-6.711223395541310310e-04
9.870000000000000995e+00,-1.652937062317505479e-04
9.880000000000000782e+00,-8.589767967350780964e-04
9.890000000000000568e+00,-1.475722063332796097e-03
9.900000000000000355e+00,-3.500079328659921885e-04
9.910000000000000142e+00,-7.304506143555045128e-04
9.919999999999999929e+00,1.753588585415855050e-04
9.929999999999999716e+00,1.190688926726579666e-03
9.939999999999999503e+00,6.412792135961353779e-04
9.950000000000001066e+00,-1.066967612132430077e-03
9.960000000000000853e+00,6.314189522527158260e-04
9.970000000000000639e+00,-2.893049386329948902e-04
9.980000000000000426e+00,5.363607779145240784e-04
9.990000000000000213e+00,-2.208827529102563858e-03
