0.000000000000000000e+00,1.191434799693524837e-03
1.000000000000000021e-02,1.101109199225902557e-03
2.000000000000000042e-02,6.065250272513367236e-05
2.999999999999999889e-02,1.182899693958461285e-03
4.000000000000000083e-02,1.839085743995383382e-04
5.000000000000000278e-02,-1.971662975847721100e-03
5.999999999999999778e-02,-1.092878752388060093e-03
7.000000000000000666e-02,6.879531429149210453e-04
8.000000000000000167e-02,2.698109310586005449e-04
8.999999999999999667e-02,-6.195112946443259716e-04
1.000000000000000056e-01,1.252416986972093582e-04
1.100000000000000006e-01,1.583242556080222130e-03
1.199999999999999956e-01,7.023750804364681244e-04
1.300000000000000044e-01,-2.550289500504732132e-04
1.400000000000000133e-01,-3.017710987478494644e-03
1.499999999999999944e-01,-1.802400802262127399e-03
1.600000000000000033e-01,-2.112281508743762970e-03
1.700000000000000122e-01,1.510795322246849537e-03
1.799999999999999933e-01,-1.439554383978247643e-03
1.900000000000000022e-01,-1.407574047334492207e-03
2.000000000000000111e-01,-4.707350453827530146e-04
2.099999999999999922e-01,-8.136733667925000191e-04
2.200000000000000011e-01,-3.082945011556148529e-03
2.300000000000000100e-01,-2.231609076261520386e-03
2.399999999999999911e-01,-2.140604890882968903e-03
2.500000000000000000e-01,-3.175790188834071159e-03
2.600000000000000089e-01,-3.766726236790418625e-03
2.700000000000000178e-01,-3.294410649687051773e-03
2.800000000000000266e-01,-3.375611035153269768e-03
2.899999999999999800e-01,-3.376587759703397751e-03
2.999999999999999889e-01,-3.816790413111448288e-03
3.099999999999999978e-01,-5.062851123511791229e-03
3.200000000000000067e-01,-5.202114582061767578e-03
3.300000000000000155e-01,-5.685626063495874405e-03
3.400000000000000244e-01,-4.626595880836248398e-03
3.500000000000000333e-01,-5.110577214509248734e-03
3.599999999999999867e-01,-5.594655871391296387e-03
3.699999999999999956e-01,-5.708786658942699432e-03
3.800000000000000044e-01,-7.302343845367431641e-03
3.900000000000000133e-01,-6.927761249244213104e-03
4.000000000000000222e-01,-6.327891722321510315e-03
4.100000000000000311e-01,-6.669839844107627869e-03
4.199999999999999845e-01,-9.624429978430271149e-03
4.299999999999999933e-01,-8.425481617450714111e-03
4.400000000000000022e-01,-9.144437499344348907e-03
4.500000000000000111e-01,-7.401746697723865509e-03
4.600000000000000200e-01,-1.070781052112579346e-02
4.700000000000000289e-01,-1.041326299309730530e-02
4.799999999999999822e-01,-1.247676927596330643e-02
4.899999999999999911e-01,-1.008808892220258713e-02
5.000000000000000000e-01,-1.249887049198150635e-02
5.100000000000000089e-01,-1.217671483755111694e-02
5.200000000000000178e-01,-1.151333004236221313e-02
5.300000000000000266e-01,-1.091295573860406876e-02
5.400000000000000355e-01,-1.385648641735315323e-02
5.500000000000000444e-01,-1.314467471092939377e-02
5.600000000000000533e-01,-1.582116447389125824e-02
5.700000000000000622e-01,-1.634855568408966064e-02
5.799999999999999600e-01,-1.465139724314212799e-02
5.899999999999999689e-01,-1.519494131207466125e-02
5.999999999999999778e-01,-1.657099090516567230e-02
6.099999999999999867e-01,-1.833951100707054138e-02
6.199999999999999956e-01,-1.839814148843288422e-02
6.300000000000000044e-01,-1.805649511516094208e-02
6.400000000000000133e-01,-1.869656331837177277e-02
6.500000000000000222e-01,-2.152309380471706390e-02
6.600000000000000311e-01,-2.120688371360301971e-02
6.700000000000000400e-01,-2.159849554300308228e-02
6.800000000000000488e-01,-2.179787494242191315e-02
6.900000000000000577e-01,-2.289167232811450958e-02
7.000000000000000666e-01,-2.323875576257705688e-02
7.099999999999999645e-01,-2.301002480089664459e-02
7.199999999999999734e-01,-2.587193064391613007e-02
7.299999999999999822e-01,-2.515327185392379761e-02
7.399999999999999911e-01,-2.523854002356529236e-02
7.500000000000000000e-01,-2.623804472386837006e-02
7.600000000000000089e-01,-2.600493840873241425e-02
7.700000000000000178e-01,-2.850991114974021912e-02
7.800000000000000266e-01,-2.956355363130569458e-02
7.900000000000000355e-01,-2.940739691257476807e-02
8.000000000000000444e-01,-2.778804861009120941e-02
8.100000000000000533e-01,-2.995758689939975739e-02
8.200000000000000622e-01,-3.170913830399513245e-02
8.300000000000000711e-01,-3.077138774096965790e-02
8.399999999999999689e-01,-3.165968507528305054e-02
8.499999999999999778e-01,-3.453960642218589783e-02
8.599999999999999867e-01,-3.341051191091537476e-02
8.699999999999999956e-01,-3.502956032752990723e-02
8.800000000000000044e-01,-3.654647246003150940e-02
8.900000000000000133e-01,-3.554863110184669495e-02
9.000000000000000222e-01,-3.779117390513420105e-02
9.100000000000000311e-01,-3.711777552962303162e-02
9.200000000000000400e-01,-3.834541514515876770e-02
9.300000000000000488e-01,-3.970244154334068298e-02
9.400000000000000577e-01,-3.906950727105140686e-02
9.500000000000000666e-01,-3.987861797213554382e-02
9.599999999999999645e-01,-4.141749441623687744e-02
9.699999999999999734e-01,-4.103393852710723877e-02
9.799999999999999822e-01,-4.195487871766090393e-02
9.899999999999999911e-01,-4.261682182550430298e-02
1.000000000000000000e+00,-4.343863204121589661e-02
1.010000000000000009e+00,-4.486614093184471130e-02
1.020000000000000018e+00,-4.386368766427040100e-02
1.030000000000000027e+00,-4.490971192717552185e-02
1.040000000000000036e+00,-4.520913586020469666e-02
1.050000000000000044e+00,-4.794766008853912354e-02
1.060000000000000053e+00,-4.748224839568138123e-02
1.070000000000000062e+00,-4.758271574974060059e-02
1.080000000000000071e+00,-4.847148805856704712e-02
1.090000000000000080e+00,-4.998234286904335022e-02
1.100000000000000089e+00,-5.032461509108543396e-02
1.110000000000000098e+00,-4.892154410481452942e-02
1.120000000000000107e+00,-5.026004835963249207e-02
1.130000000000000115e+00,-5.204383283853530884e-02
1.140000000000000124e+00,-5.239920690655708313e-02
1.150000000000000133e+00,-5.357063561677932739e-02
1.159999999999999920e+00,-5.405183508992195129e-02
1.169999999999999929e+00,-5.212473869323730469e-02
1.179999999999999938e+00,-5.399594455957412720e-02
1.189999999999999947e+00,-5.304741859436035156e-02
1.199999999999999956e+00,-5.467522144317626953e-02
1.209999999999999964e+00,-5.567695572972297668e-02
1.219999999999999973e+00,-5.616013333201408386e-02
1.229999999999999982e+00,-5.621194466948509216e-02
1.239999999999999991e+00,-5.827980488538742065e-02
1.250000000000000000e+00,-5.843449011445045471e-02
1.260000000000000009e+00,-5.951867625117301941e-02
1.270000000000000018e+00,-5.892059952020645142e-02
1.280000000000000027e+00,-5.973085016012191772e-02
1.290000000000000036e+00,-5.944912135601043701e-02
1.300000000000000044e+00,-5.998693406581878662e-02
1.310000000000000053e+00,-5.972189456224441528e-02
1.320000000000000062e+00,-6.056997925043106079e-02
1.330000000000000071e+00,-6.012544408440589905e-02
1.340000000000000080e+00,-5.987370759248733521e-02
1.350000000000000089e+00,-6.117421016097068787e-02
1.360000000000000098e+00,-6.124918907880783081e-02
1.370000000000000107e+00,-6.346890330314636230e-02
1.380000000000000115e+00,-6.206454709172248840e-02
1.390000000000000124e+00,-6.305450946092605591e-02
1.400000000000000133e+00,-6.248154863715171814e-02
1.409999999999999920e+00,-6.364347785711288452e-02
1.419999999999999929e+00,-6.231744959950447083e-02
1.429999999999999938e+00,-6.274283677339553833e-02
1.439999999999999947e+00,-6.426867097616195679e-02
1.449999999999999956e+00,-6.398045271635055542e-02
1.459999999999999964e+00,-6.360922008752822876e-02
1.469999999999999973e+00,-6.366271525621414185e-02
1.479999999999999982e+00,-6.499060243368148804e-02
1.489999999999999991e+00,-6.531319022178649902e-02
1.500000000000000000e+00,-6.470711529254913330e-02
1.510000000000000009e+00,-6.393059343099594116e-02
1.520000000000000018e+00,-6.402449309825897217e-02
1.530000000000000027e+00,-6.351253390312194824e-02
1.540000000000000036e+00,-6.344590336084365845e-02
1.550000000000000044e+00,-6.534091383218765259e-02
1.560000000000000053e+00,-6.425615400075912476e-02
1.570000000000000062e+00,-6.295219063758850098e-02
1.580000000000000071e+00,-6.565494090318679810e-02
1.590000000000000080e+00,-6.594312936067581177e-02
1.600000000000000089e+00,-6.334123760461807251e-02
1.610000000000000098e+00,-6.461779028177261353e-02
1.620000000000000107e+00,-6.286695599555969238e-02
1.630000000000000115e+00,-6.415276974439620972e-02
1.640000000000000124e+00,-6.378807872533798218e-02
1.650000000000000133e+00,-6.357442587614059448e-02
1.660000000000000142e+00,-6.553105264902114868e-02
1.669999999999999929e+00,-6.326532363891601562e-02
1.679999999999999938e+00,-6.451934576034545898e-02
1.689999999999999947e+00,-6.237864121794700623e-02
1.699999999999999956e+00,-6.451497226953506470e-02
1.709999999999999964e+00,-6.286587566137313843e-02
1.719999999999999973e+00,-6.230868399143218994e-02
1.729999999999999982e+00,-6.203500553965568542e-02
1.739999999999999991e+00,-6.240586936473846436e-02
1.750000000000000000e+00,-6.082021445035934448e-02
1.760000000000000009e+00,-6.092496588826179504e-02
1.770000000000000018e+00,-6.131727620959281921e-02
1.780000000000000027e+00,-6.007084622979164124e-02
1.790000000000000036e+00,-5.918276309967041016e-02
1.800000000000000044e+00,-5.824534222483634949e-02
1.810000000000000053e+00,-5.922694504261016846e-02
1.820000000000000062e+00,-5.803021788597106934e-02
1.830000000000000071e+00,-5.710562318563461304e-02
1.840000000000000080e+00,-5.900109559297561646e-02
1.850000000000000089e+00,-5.714176967740058899e-02
1.860000000000000098e+00,-5.548880621790885925e-02
1.870000000000000107e+00,-5.605281889438629150e-02
1.880000000000000115e+00,-5.741305276751518250e-02
1.890000000000000124e+00,-5.640054866671562195e-02
1.900000000000000133e+00,-5.527676641941070557e-02
1.910000000000000142e+00,-5.406667664647102356e-02
1.919999999999999929e+00,-5.491388961672782898e-02
1.929999999999999938e+00,-5.243567004799842834e-02
1.939999999999999947e+00,-5.319813266396522522e-02
1.949999999999999956e+00,-5.288180336356163025e-02
1.959999999999999964e+00,-5.224167555570602417e-02
1.969999999999999973e+00,-5.141666159033775330e-02
1.979999999999999982e+00,-5.056209489703178406e-02
1.989999999999999991e+00,-4.954395443201065063e-02
2.000000000000000000e+00,-5.051676928997039795e-02
2.010000000000000231e+00,-4.963571205735206604e-02
2.020000000000000018e+00,-4.721315205097198486e-02
2.030000000000000249e+00,-4.746822267770767212e-02
2.040000000000000036e+00,-4.591330885887145996e-02
2.049999999999999822e+00,-4.517653957009315491e-02
2.060000000000000053e+00,-4.328056424856185913e-02
2.069999999999999840e+00,-4.378352314233779907e-02
2.080000000000000071e+00,-4.167161881923675537e-02
2.089999999999999858e+00,-4.408256709575653076e-02
2.100000000000000089e+00,-4.052641987800598145e-02
2.109999999999999876e+00,-4.241716489195823669e-02
2.120000000000000107e+00,-4.019172489643096924e-02
2.129999999999999893e+00,-3.966323286294937134e-02
2.140000000000000124e+00,-3.652187436819076538e-02
2.149999999999999911e+00,-3.740373253822326660e-02
2.160000000000000142e+00,-3.622314333915710449e-02
2.169999999999999929e+00,-3.505024686455726624e-02
2.180000000000000160e+00,-3.593154624104499817e-02
2.189999999999999947e+00,-3.487684577703475952e-02
2.200000000000000178e+00,-3.260933980345726013e-02
2.209999999999999964e+00,-3.290341794490814209e-02
2.220000000000000195e+00,-3.191618248820304871e-02
2.229999999999999982e+00,-2.994653023779392242e-02
2.240000000000000213e+00,-2.897810563445091248e-02
2.250000000000000000e+00,-2.942284755408763885e-02
2.260000000000000231e+00,-2.751953154802322388e-02
2.270000000000000018e+00,-2.608411200344562531e-02
2.280000000000000249e+00,-2.545766159892082214e-02
2.290000000000000036e+00,-2.391822077333927155e-02
2.300000000000000266e+00,-2.199550904333591461e-02
2.310000000000000053e+00,-2.216632105410099030e-02
2.319999999999999840e+00,-1.983333565294742584e-02
2.330000000000000071e+00,-1.967185549437999725e-02
2.339999999999999858e+00,-1.967566274106502533e-02
2.350000000000000089e+00,-1.916318759322166443e-02
2.359999999999999876e+00,-1.823106780648231506e-02
2.370000000000000107e+00,-1.511496771126985550e-02
2.379999999999999893e+00,-1.543880160897970200e-02
2.390000000000000124e+00,-1.310877036303281784e-02
2.399999999999999911e+00,-1.512798201292753220e-02
2.410000000000000142e+00,-9.520108811557292938e-03
2.419999999999999929e+00,-1.083298120647668839e-02
2.430000000000000160e+00,-1.203281991183757782e-02
2.439999999999999947e+00,-8.766480721533298492e-03
2.450000000000000178e+00,-9.236983954906463623e-03
2.459999999999999964e+00,-6.681028753519058228e-03
2.470000000000000195e+00,-7.006912026554346085e-03
2.479999999999999982e+00,-4.212375264614820480e-03
2.490000000000000213e+00,-3.614317160099744797e-03
2.500000000000000000e+00,-4.695326555520296097e-03
2.510000000000000231e+00,-2.025265945121645927e-03
2.520000000000000018e+00,-1.760786282829940319e-03
2.530000000000000249e+00,2.664735366124659777e-04
2.540000000000000036e+00,6.460422300733625889e-04
2.550000000000000266e+00,2.087171422317624092e-03
2.560000000000000053e+00,4.589783493429422379e-03
2.569999999999999840e+00,5.584022495895624161e-03
2.580000000000000071e+00,5.601069889962673187e-03
2.589999999999999858e+00,6.763886194676160812e-03
2.600000000000000089e+00,6.808049511164426804e-03
2.609999999999999876e+00,7.235387340188026428e-03
2.620000000000000107e+00,7.790292147547006607e-03
2.629999999999999893e+00,1.022759359329938889e-02
2.640000000000000124e+00,9.295883588492870331e-03
2.649999999999999911e+00,1.073572412133216858e-02
2.660000000000000142e+00,1.300273742526769638e-02
2.669999999999999929e+00,1.330487802624702454e-02
2.680000000000000160e+00,1.538546290248632431e-02
2.689999999999999947e+00,1.703278534114360809e-02
2.700000000000000178e+00,1.662712357938289642e-02
2.709999999999999964e+00,1.754106767475605011e-02
2.720000000000000195e+00,1.751963794231414795e-02
2.729999999999999982e+00,1.785025931894779205e-02
2.740000000000000213e+00,1.991341076791286469e-02
2.750000000000000000e+00,2.103179879486560822e-02
2.760000000000000231e+00,2.037451416254043579e-02
2.770000000000000018e+00,2.314539439976215363e-02
2.780000000000000249e+00,2.207048051059246063e-02
2.790000000000000036e+00,2.690317854285240173e-02
2.800000000000000266e+00,2.637669816613197327e-02
2.810000000000000053e+00,2.599515393376350403e-02
2.819999999999999840e+00,2.733406797051429749e-02
2.830000000000000071e+00,2.823281846940517426e-02
2.839999999999999858e+00,2.976466529071331024e-02
2.850000000000000089e+00,2.881521731615066528e-02
2.859999999999999876e+00,3.070422448217868805e-02
2.870000000000000107e+00,2.887164987623691559e-02
2.879999999999999893e+00,3.176415339112281799e-02
2.890000000000000124e+00,3.426014259457588196e-02
2.899999999999999911e+00,3.572217375040054321e-02
2.910000000000000142e+00,3.348714858293533325e-02
2.919999999999999929e+00,3.838681429624557495e-02
2.930000000000000160e+00,3.630927577614784241e-02
2.939999999999999947e+00,3.752658888697624207e-02
2.950000000000000178e+00,3.792957216501235962e-02
2.959999999999999964e+00,3.845009207725524902e-02
2.970000000000000195e+00,3.867193683981895447e-02
2.979999999999999982e+00,3.982356935739517212e-02
2.990000000000000213e+00,3.731238842010498047e-02
3.000000000000000000e+00,4.001235216856002808e-02
3.010000000000000231e+00,4.106592386960983276e-02
3.020000000000000018e+00,4.248539730906486511e-02
3.030000000000000249e+00,4.280141741037368774e-02
3.040000000000000036e+00,4.442604258656501770e-02
3.050000000000000266e+00,4.454520344734191895e-02
3.060000000000000053e+00,4.537411406636238098e-02
3.070000000000000284e+00,4.602123051881790161e-02
3.080000000000000071e+00,4.600939527153968811e-02
3.089999999999999858e+00,4.548113048076629639e-02
3.100000000000000089e+00,4.872278869152069092e-02
3.109999999999999876e+00,4.725445806980133057e-02
3.120000000000000107e+00,4.657834395766258240e-02
3.129999999999999893e+00,4.926972091197967529e-02
3.140000000000000124e+00,4.974959045648574829e-02
3.149999999999999911e+00,5.078003183007240295e-02
3.160000000000000142e+00,5.024105682969093323e-02
3.169999999999999929e+00,5.118069052696228027e-02
3.180000000000000160e+00,5.256622284650802612e-02
3.189999999999999947e+00,5.271875858306884766e-02
3.200000000000000178e+00,5.429099872708320618e-02
3.209999999999999964e+00,5.290007591247558594e-02
3.220000000000000195e+00,5.427461117506027222e-02
3.229999999999999982e+00,5.373855307698249817e-02
3.240000000000000213e+00,5.435604602098464966e-02
3.250000000000000000e+00,5.568965896964073181e-02
3.260000000000000231e+00,5.615741759538650513e-02
3.270000000000000018e+00,5.595040321350097656e-02
3.280000000000000249e+00,5.616459995508193970e-02
3.290000000000000036e+00,5.634480342268943787e-02
3.300000000000000266e+00,5.769737437367439270e-02
3.310000000000000053e+00,5.824777483940124512e-02
3.320000000000000284e+00,5.902654677629470825e-02
3.330000000000000071e+00,5.912194773554801941e-02
3.339999999999999858e+00,6.111800298094749451e-02
3.350000000000000089e+00,5.935170128941535950e-02
3.359999999999999876e+00,5.988781899213790894e-02
3.370000000000000107e+00,6.086161732673645020e-02
3.379999999999999893e+00,6.234199553728103638e-02
3.390000000000000124e+00,6.106609851121902466e-02
3.399999999999999911e+00,6.173963844776153564e-02
3.410000000000000142e+00,6.250457465648651123e-02
3.419999999999999929e+00,6.303481757640838623e-02
3.430000000000000160e+00,6.222051009535789490e-02
3.439999999999999947e+00,6.126113235950469971e-02
3.450000000000000178e+00,6.626060605049133301e-02
3.459999999999999964e+00,6.486463546752929688e-02
3.470000000000000195e+00,6.487251818180084229e-02
3.479999999999999982e+00,6.517170369625091553e-02
3.490000000000000213e+00,6.705114990472793579e-02
3.500000000000000000e+00,6.444171816110610962e-02
3.510000000000000231e+00,6.646637618541717529e-02
3.520000000000000018e+00,6.719098985195159912e-02
3.530000000000000249e+00,6.748663634061813354e-02
3.540000000000000036e+00,6.680567562580108643e-02
3.550000000000000266e+00,6.957350671291351318e-02
3.560000000000000053e+00,6.662746518850326538e-02
3.570000000000000284e+00,6.726548075675964355e-02
3.580000000000000071e+00,6.843570619821548462e-02
3.589999999999999858e+00,6.954378634691238403e-02
3.600000000000000089e+00,6.972754746675491333e-02
3.609999999999999876e+00,6.959609687328338623e-02
3.620000000000000107e+00,7.093491405248641968e-02
3.629999999999999893e+00,7.033651322126388550e-02
3.640000000000000124e+00,7.081156969070434570e-02
3.649999999999999911e+00,7.030045241117477417e-02
3.660000000000000142e+00,7.153251767158508301e-02
3.669999999999999929e+00,7.029459625482559204e-02
3.680000000000000160e+00,7.182545214891433716e-02
3.689999999999999947e+00,7.208481431007385254e-02
3.700000000000000178e+00,7.165505737066268921e-02
3.709999999999999964e+00,7.263620197772979736e-02
3.720000000000000195e+00,7.245005667209625244e-02
3.729999999999999982e+00,7.470529526472091675e-02
3.740000000000000213e+00,7.389806210994720459e-02
3.750000000000000000e+00,7.392562925815582275e-02
3.760000000000000231e+00,7.431302964687347412e-02
3.770000000000000018e+00,7.476438581943511963e-02
3.780000000000000249e+00,7.300562411546707153e-02
3.790000000000000036e+00,7.480345666408538818e-02
3.800000000000000266e+00,7.602075487375259399e-02
3.810000000000000053e+00,7.523728907108306885e-02
3.820000000000000284e+00,7.541200518608093262e-02
3.830000000000000071e+00,7.640317827463150024e-02
3.839999999999999858e+00,7.608060538768768311e-02
3.850000000000000089e+00,7.613866776227951050e-02
3.859999999999999876e+00,7.832483202219009399e-02
3.870000000000000107e+00,7.588440179824829102e-02
3.879999999999999893e+00,7.744638621807098389e-02
3.890000000000000124e+00,7.635745406150817871e-02
3.899999999999999911e+00,7.664627581834793091e-02
3.910000000000000142e+00,7.825826108455657959e-02
3.919999999999999929e+00,7.853887230157852173e-02
3.930000000000000160e+00,7.871064543724060059e-02
3.939999999999999947e+00,7.960890978574752808e-02
3.950000000000000178e+00,7.823868095874786377e-02
3.959999999999999964e+00,7.994861900806427002e-02
3.970000000000000195e+00,8.010791987180709839e-02
3.979999999999999982e+00,8.011781424283981323e-02
3.990000000000000213e+00,8.112934231758117676e-02
4.000000000000000000e+00,7.984105497598648071e-02
4.009999999999999787e+00,7.869318872690200806e-02
4.020000000000000462e+00,8.100740611553192139e-02
4.030000000000000249e+00,8.131803572177886963e-02
4.040000000000000036e+00,8.032125979661941528e-02
4.049999999999999822e+00,8.062852919101715088e-02
4.060000000000000497e+00,8.152308315038681030e-02
4.070000000000000284e+00,8.227883279323577881e-02
4.080000000000000071e+00,8.411523699760437012e-02
4.089999999999999858e+00,8.209262043237686157e-02
4.099999999999999645e+00,8.344212174415588379e-02
4.110000000000000320e+00,8.418390899896621704e-02
4.120000000000000107e+00,8.454670011997222900e-02
4.129999999999999893e+00,8.437503129243850708e-02
4.139999999999999680e+00,8.388984203338623047e-02
4.150000000000000355e+00,8.514918386936187744e-02
4.160000000000000142e+00,8.503566682338714600e-02
4.169999999999999929e+00,8.454194664955139160e-02
4.179999999999999716e+00,8.500720560550689697e-02
4.190000000000000391e+00,8.657738566398620605e-02
4.200000000000000178e+00,8.494872599840164185e-02
4.209999999999999964e+00,8.692860603332519531e-02
4.219999999999999751e+00,8.727829903364181519e-02
4.230000000000000426e+00,8.724563568830490112e-02
4.240000000000000213e+00,8.656296133995056152e-02
4.250000000000000000e+00,8.716676384210586548e-02
4.259999999999999787e+00,8.768509328365325928e-02
4.270000000000000462e+00,8.621132373809814453e-02
4.280000000000000249e+00,8.806709945201873779e-02
4.290000000000000036e+00,8.876100927591323853e-02
4.299999999999999822e+00,8.833111822605133057e-02
4.310000000000000497e+00,8.869768679141998291e-02
4.320000000000000284e+00,8.880984783172607422e-02
4.330000000000000071e+00,8.841580152511596680e-02
4.339999999999999858e+00,8.799340575933456421e-02
4.350000000000000533e+00,8.810173720121383667e-02
4.360000000000000320e+00,9.059233218431472778e-02
4.370000000000000107e+00,8.991368114948272705e-02
4.379999999999999893e+00,9.094443172216415405e-02
4.389999999999999680e+00,9.052404761314392090e-02
4.400000000000000355e+00,8.950889110565185547e-02
4.410000000000000142e+00,8.961563557386398315e-02
4.419999999999999929e+00,9.132847934961318970e-02
4.429999999999999716e+00,9.347242861986160278e-02
4.440000000000000391e+00,9.306025505065917969e-02
4.450000000000000178e+00,9.061937779188156128e-02
4.459999999999999964e+00,8.957210928201675415e-02
4.469999999999999751e+00,9.129080176353454590e-02
4.480000000000000426e+00,9.283827990293502808e-02
4.490000000000000213e+00,9.311576187610626221e-02
4.500000000000000000e+00,9.380635619163513184e-02
4.509999999999999787e+00,9.219060093164443970e-02
4.520000000000000462e+00,9.338501095771789551e-02
4.530000000000000249e+00,9.359129518270492554e-02
4.540000000000000036e+00,9.425537288188934326e-02
4.549999999999999822e+00,9.372840076684951782e-02
4.560000000000000497e+00,9.457160532474517822e-02
4.570000000000000284e+00,9.358733147382736206e-02
4.580000000000000071e+00,9.415978193283081055e-02
4.589999999999999858e+00,9.523373842239379883e-02
4.600000000000000533e+00,9.478129446506500244e-02
4.610000000000000320e+00,9.534052759408950806e-02
4.620000000000000107e+00,9.448716044425964355e-02
4.629999999999999893e+00,9.460940957069396973e-02
4.639999999999999680e+00,9.440804272890090942e-02
4.650000000000000355e+00,9.746193885803222656e-02
4.660000000000000142e+00,9.477863460779190063e-02
4.669999999999999929e+00,9.458484500646591187e-02
4.679999999999999716e+00,9.602373093366622925e-02
4.690000000000000391e+00,9.614097326993942261e-02
4.700000000000000178e+00,9.587728977203369141e-02
4.709999999999999964e+00,9.601939469575881958e-02
4.719999999999999751e+00,9.611214697360992432e-02
4.730000000000000426e+00,9.633231163024902344e-02
4.740000000000000213e+00,9.779948741197586060e-02
4.750000000000000000e+00,9.690359234809875488e-02
4.759999999999999787e+00,9.848151355981826782e-02
4.770000000000000462e+00,9.724156558513641357e-02
4.780000000000000249e+00,9.854543954133987427e-02
4.790000000000000036e+00,9.854056686162948608e-02
4.799999999999999822e+00,9.924443066120147705e-02
4.810000000000000497e+00,9.832230955362319946e-02
4.820000000000000284e+00,9.782832115888595581e-02
4.830000000000000071e+00,9.791223704814910889e-02
4.839999999999999858e+00,9.713006019592285156e-02
4.850000000000000533e+00,9.956298768520355225e-02
4.860000000000000320e+00,9.748593717813491821e-02
4.870000000000000107e+00,9.802720695734024048e-02
4.879999999999999893e+00,9.907260537147521973e-02
4.889999999999999680e+00,9.880436956882476807e-02
4.900000000000000355e+00,1.008131057024002075e-01
4.910000000000000142e+00,9.988300502300262451e-02
4.919999999999999929e+00,1.003853604197502136e-01
4.929999999999999716e+00,9.860902279615402222e-02
4.940000000000000391e+00,9.881114959716796875e-02
4.950000000000000178e+00,9.899377822875976562e-02
4.959999999999999964e+00,1.002880334854125977e-01
4.969999999999999751e+00,1.022962182760238647e-01
4.980000000000000426e+00,9.945908933877944946e-02
4.990000000000000213e+00,9.907305985689163208e-02
5.000000000000000000e+00,1.025255024433135986e-01
5.009999999999999787e+00,9.965984523296356201e-02
5.020000000000000462e+00,9.947163611650466919e-02
5.030000000000000249e+00,9.864563494920730591e-02
5.040000000000000036e+00,1.007262766361236572e-01
5.049999999999999822e+00,1.015403866767883301e-01
5.060000000000000497e+00,1.025073155760765076e-01
5.070000000000000284e+00,1.013086065649986267e-01
5.080000000000000071e+00,1.015290766954421997e-01
5.089999999999999858e+00,1.018789485096931458e-01
5.100000000000000533e+00,1.005198583006858826e-01
5.110000000000000320e+00,1.021842733025550842e-01
5.120000000000000107e+00,1.017089486122131348e-01
5.129999999999999893e+00,1.017825379967689514e-01
5.139999999999999680e+00,1.010956466197967529e-01
5.150000000000000355e+00,1.027224734425544739e-01
5.160000000000000142e+00,1.022246778011322021e-01
5.169999999999999929e+00,1.014276146888732910e-01
5.179999999999999716e+00,1.014550849795341492e-01
5.190000000000000391e+00,9.983467310667037964e-02
5.200000000000000178e+00,1.013253182172775269e-01
5.209999999999999964e+00,1.024167314171791077e-01
5.219999999999999751e+00,1.034202128648757935e-01
5.230000000000000426e+00,1.017615795135498047e-01
5.240000000000000213e+00,1.022568270564079285e-01
5.250000000000000000e+00,1.011862307786941528e-01
5.259999999999999787e+00,1.036966443061828613e-01
5.270000000000000462e+00,1.027244329452514648e-01
5.280000000000000249e+00,1.013870015740394592e-01
5.290000000000000036e+00,1.008826270699501038e-01
5.299999999999999822e+00,1.013566404581069946e-01
5.310000000000000497e+00,1.015545576810836792e-01
5.320000000000000284e+00,1.019808501005172729e-01
5.330000000000000071e+00,1.016324684023857117e-01
5.339999999999999858e+00,1.004164367914199829e-01
5.350000000000000533e+00,1.034474745392799377e-01
5.360000000000000320e+00,1.016717329621315002e-01
5.370000000000000107e+00,1.028684973716735840e-01
5.379999999999999893e+00,1.015925034880638123e-01
5.389999999999999680e+00,1.021154597401618958e-01
5.400000000000000355e+00,1.016857624053955078e-01
5.410000000000000142e+00,1.035644486546516418e-01
5.419999999999999929e+00,1.035789474844932556e-01
5.429999999999999716e+00,1.038175597786903381e-01
5.440000000000000391e+00,1.030889675021171570e-01
5.450000000000000178e+00,1.017616838216781616e-01
5.459999999999999964e+00,1.032728999853134155e-01
5.469999999999999751e+00,1.037287861108779907e-01
5.480000000000000426e+00,1.034427434206008911e-01
5.490000000000000213e+00,1.018412709236145020e-01
5.500000000000000000e+00,1.032362803816795349e-01
5.509999999999999787e+00,1.027418226003646851e-01
5.520000000000000462e+00,1.028906479477882385e-01
5.530000000000000249e+00,1.037042513489723206e-01
5.540000000000000036e+00,1.017509326338768005e-01
5.549999999999999822e+00,1.032033190131187439e-01
5.560000000000000497e+00,1.030764803290367126e-01
5.570000000000000284e+00,1.025512665510177612e-01
5.580000000000000071e+00,1.018463522195816040e-01
5.589999999999999858e+00,1.019800752401351929e-01
5.600000000000000533e+00,1.030903086066246033e-01
5.610000000000000320e+00,1.040048152208328247e-01
5.620000000000000107e+00,1.010936871170997620e-01
5.629999999999999893e+00,1.023033410310745239e-01
5.639999999999999680e+00,1.049549430608749390e-01
5.650000000000000355e+00,1.026526093482971191e-01
5.660000000000000142e+00,1.038020402193069458e-01
5.669999999999999929e+00,1.030666381120681763e-01
5.679999999999999716e+00,1.042042896151542664e-01
5.690000000000000391e+00,1.033495739102363586e-01
5.700000000000000178e+00,1.035682857036590576e-01
5.709999999999999964e+00,1.044254824519157410e-01
5.719999999999999751e+00,1.030488908290863037e-01
5.730000000000000426e+00,1.039081737399101257e-01
5.740000000000000213e+00,1.043218150734901428e-01
5.750000000000000000e+00,1.023348346352577209e-01
5.759999999999999787e+00,1.034100204706192017e-01
5.770000000000000462e+00,1.027087196707725525e-01
5.780000000000000249e+00,1.039963290095329285e-01
5.790000000000000036e+00,1.026826202869415283e-01
5.799999999999999822e+00,1.007807031273841858e-01
5.810000000000000497e+00,1.036048233509063721e-01
5.820000000000000284e+00,1.020128950476646423e-01
5.830000000000000071e+00,1.031653359532356262e-01
5.839999999999999858e+00,1.040499806404113770e-01
5.850000000000000533e+00,1.063146963715553284e-01
5.860000000000000320e+00,1.025812178850173950e-01
5.870000000000000107e+00,1.024823114275932312e-01
5.879999999999999893e+00,1.030127853155136108e-01
5.889999999999999680e+00,1.034892201423645020e-01
5.900000000000000355e+00,1.043249294161796570e-01
5.910000000000000142e+00,1.016059517860412598e-01
5.919999999999999929e+00,1.035093888640403748e-01
5.929999999999999716e+00,1.039148867130279541e-01
5.940000000000000391e+00,1.031207814812660217e-01
5.950000000000000178e+00,1.030432432889938354e-01
5.959999999999999964e+00,1.046303436160087585e-01
5.969999999999999751e+00,1.033988595008850098e-01
5.980000000000000426e+00,1.035537347197532654e-01
5.990000000000000213e+00,1.034453436732292175e-01
6.000000000000000000e+00,1.027756780385971069e-01
6.009999999999999787e+00,1.050359234213829041e-01
6.020000000000000462e+00,1.026740446686744690e-01
6.030000000000000249e+00,1.036348268389701843e-01
6.040000000000000036e+00,1.051940992474555969e-01
6.049999999999999822e+00,1.041099354624748230e-01
6.060000000000000497e+00,1.040655225515365601e-01
6.070000000000000284e+00,1.029316037893295288e-01
6.080000000000000071e+00,1.044753715395927429e-01
6.089999999999999858e+00,1.025136932730674744e-01
6.100000000000000533e+00,1.036217287182807922e-01
6.110000000000000320e+00,1.019278615713119507e-01
6.120000000000000107e+00,1.033090651035308838e-01
6.129999999999999893e+00,1.026886478066444397e-01
6.140000000000000568e+00,1.011809706687927246e-01
6.150000000000000355e+00,1.018894687294960022e-01
6.160000000000000142e+00,1.033538952469825745e-01
6.169999999999999929e+00,1.038783788681030273e-01
6.179999999999999716e+00,1.023604720830917358e-01
6.190000000000000391e+00,1.017962023615837097e-01
6.200000000000000178e+00,1.035988703370094299e-01
6.209999999999999964e+00,1.040155738592147827e-01
6.219999999999999751e+00,1.035853847861289978e-01
6.230000000000000426e+00,1.033541411161422729e-01
6.240000000000000213e+00,1.054680049419403076e-01
6.250000000000000000e+00,1.050616055727005005e-01
6.259999999999999787e+00,1.041311472654342651e-01
6.270000000000000462e+00,1.033475771546363831e-01
6.280000000000000249e+00,1.041535213589668274e-01
6.290000000000000036e+00,1.048174798488616943e-01
6.299999999999999822e+00,1.045898869633674622e-01
6.310000000000000497e+00,1.024809628725051880e-01
6.320000000000000284e+00,1.044717207551002502e-01
6.330000000000000071e+00,1.029497385025024414e-01
6.339999999999999858e+00,1.044557914137840271e-01
6.350000000000000533e+00,1.050229221582412720e-01
6.360000000000000320e+00,1.019793078303337097e-01
6.370000000000000107e+00,1.035352051258087158e-01
6.379999999999999893e+00,1.024433970451354980e-01
6.390000000000000568e+00,1.064944267272949219e-01
6.400000000000000355e+00,1.046129390597343445e-01
6.410000000000000142e+00,1.043646261096000671e-01
6.419999999999999929e+00,1.043325960636138916e-01
6.429999999999999716e+00,1.052592620253562927e-01
6.440000000000000391e+00,1.030114367604255676e-01
6.450000000000000178e+00,1.034798324108123779e-01
6.459999999999999964e+00,1.018007397651672363e-01
6.469999999999999751e+00,1.047904044389724731e-01
6.480000000000000426e+00,1.047406420111656189e-01
6.490000000000000213e+00,1.035141721367835999e-01
6.500000000000000000e+00,1.044447645545005798e-01
6.509999999999999787e+00,1.053475290536880493e-01
6.520000000000000462e+00,1.064777895808219910e-01
6.530000000000000249e+00,1.048222631216049194e-01
6.540000000000000036e+00,1.037918254733085632e-01
6.549999999999999822e+00,1.064177528023719788e-01
6.560000000000000497e+00,1.028489097952842712e-01
6.570000000000000284e+00,1.033543944358825684e-01
6.580000000000000071e+00,1.031889468431472778e-01
6.589999999999999858e+00,1.043702438473701477e-01
6.600000000000000533e+00,1.047879531979560852e-01
6.610000000000000320e+00,1.044046357274055481e-01
6.620000000000000107e+00,1.041676402091979980e-01
6.629999999999999893e+00,1.045931503176689148e-01
6.640000000000000568e+00,1.049416661262512207e-01
6.650000000000000355e+00,1.054174453020095825e-01
6.660000000000000142e+00,1.042928472161293030e-01
6.669999999999999929e+00,1.053620204329490662e-01
6.679999999999999716e+00,1.060786768794059753e-01
6.690000000000000391e+00,1.040712296962738037e-01
6.700000000000000178e+00,1.048309504985809326e-01
6.709999999999999964e+00,1.047870367765426636e-01
6.719999999999999751e+00,1.045899987220764160e-01
6.730000000000000426e+00,1.045660451054573059e-01
6.740000000000000213e+00,1.055643111467361450e-01
6.750000000000000000e+00,1.046621873974800110e-01
6.759999999999999787e+00,1.056249812245368958e-01
6.770000000000000462e+00,1.051563099026679993e-01
6.780000000000000249e+00,1.058465316891670227e-01
6.790000000000000036e+00,1.051806062459945679e-01
6.799999999999999822e+00,1.026335433125495911e-01
6.810000000000000497e+00,1.067799702286720276e-01
6.820000000000000284e+00,1.053826734423637390e-01
6.830000000000000071e+00,1.054085120558738708e-01
6.839999999999999858e+00,1.058364883065223694e-01
6.850000000000000533e+00,1.059616655111312866e-01
6.860000000000000320e+00,1.040429174900054932e-01
6.870000000000000107e+00,1.057792603969573975e-01
6.879999999999999893e+00,1.062540933489799500e-01
6.890000000000000568e+00,1.046931073069572449e-01
6.900000000000000355e+00,1.027251482009887695e-01
6.910000000000000142e+00,1.049546748399734497e-01
6.919999999999999929e+00,1.056119650602340698e-01
6.929999999999999716e+00,1.065199151635169983e-01
6.940000000000000391e+00,1.049592420458793640e-01
6.950000000000000178e+00,1.064051985740661621e-01
6.959999999999999964e+00,1.049480140209197998e-01
6.969999999999999751e+00,1.053707003593444824e-01
6.980000000000000426e+00,1.069783195853233337e-01
6.990000000000000213e+00,1.056447029113769531e-01
7.000000000000000000e+00,1.072711646556854248e-01
7.009999999999999787e+00,1.069673076272010803e-01
7.020000000000000462e+00,1.050681546330451965e-01
7.030000000000000249e+00,1.047306805849075317e-01
7.040000000000000036e+00,1.047644466161727905e-01
7.049999999999999822e+00,1.045480892062187195e-01
7.060000000000000497e+00,1.044512391090393066e-01
7.070000000000000284e+00,1.053078472614288330e-01
7.080000000000000071e+00,1.034277901053428650e-01
7.089999999999999858e+00,1.069538071751594543e-01
7.100000000000000533e+00,1.043195351958274841e-01
7.110000000000000320e+00,1.039976552128791809e-01
7.120000000000000107e+00,1.032428517937660217e-01
7.129999999999999893e+00,1.049959436058998108e-01
7.140000000000000568e+00,1.057728976011276245e-01
7.150000000000000355e+00,1.046862602233886719e-01
7.160000000000000142e+00,1.059242486953735352e-01
7.169999999999999929e+00,1.038891375064849854e-01
7.179999999999999716e+00,1.055853217840194702e-01
7.190000000000000391e+00,1.048771962523460388e-01
7.200000000000000178e+00,1.051775589585304260e-01
7.209999999999999964e+00,1.047246381640434265e-01
7.219999999999999751e+00,1.040723398327827454e-01
7.230000000000000426e+00,1.049567312002182007e-01
7.240000000000000213e+00,1.043338701128959656e-01
7.250000000000000000e+00,1.057747304439544678e-01
7.259999999999999787e+00,1.054960638284683228e-01
7.270000000000000462e+00,1.042288392782211304e-01
7.280000000000000249e+00,1.060848832130432129e-01
7.290000000000000036e+00,1.060777455568313599e-01
7.299999999999999822e+00,1.063662543892860413e-01
7.310000000000000497e+00,1.046094968914985657e-01
7.320000000000000284e+00,1.039228364825248718e-01
7.330000000000000071e+00,1.024519875645637512e-01
7.339999999999999858e+00,1.031738221645355225e-01
7.350000000000000533e+00,1.053119897842407227e-01
7.360000000000000320e+00,1.035674437880516052e-01
7.370000000000000107e+00,1.039791256189346313e-01
7.379999999999999893e+00,1.039986759424209595e-01
7.390000000000000568e+00,1.038734018802642822e-01
7.400000000000000355e+00,1.029125303030014038e-01
7.410000000000000142e+00,1.036519408226013184e-01
7.419999999999999929e+00,1.050055697560310364e-01
7.429999999999999716e+00,1.049026325345039368e-01
7.440000000000000391e+00,1.038634553551673889e-01
7.450000000000000178e+00,1.032010763883590698e-01
7.459999999999999964e+00,1.036158129572868347e-01
7.469999999999999751e+00,1.022126302123069763e-01
7.480000000000000426e+00,1.039245948195457458e-01
7.490000000000000213e+00,1.036334186792373657e-01
7.500000000000000000e+00,1.050571277737617493e-01
7.509999999999999787e+00,1.032109409570693970e-01
7.520000000000000462e+00,1.028752923011779785e-01
7.530000000000000249e+00,1.034286245703697205e-01
7.540000000000000036e+00,1.023074164986610413e-01
7.549999999999999822e+00,1.030506789684295654e-01
7.560000000000000497e+00,1.020279377698898315e-01
7.570000000000000284e+00,1.027459874749183655e-01
7.580000000000000071e+00,1.010138317942619324e-01
7.589999999999999858e+00,1.026528403162956238e-01
7.600000000000000533e+00,1.026322394609451294e-01
7.610000000000000320e+00,1.035647392272949219e-01
7.620000000000000107e+00,1.027557104825973511e-01
7.629999999999999893e+00,1.012553200125694275e-01
7.640000000000000568e+00,1.026674583554267883e-01
7.650000000000000355e+00,1.023487001657485962e-01
7.660000000000000142e+00,1.037140637636184692e-01
7.669999999999999929e+00,1.014147773385047913e-01
7.679999999999999716e+00,1.043310910463333130e-01
7.690000000000000391e+00,1.036396548151969910e-01
7.700000000000000178e+00,1.039982959628105164e-01
7.709999999999999964e+00,1.022128164768218994e-01
7.719999999999999751e+00,1.030100360512733459e-01
7.730000000000000426e+00,1.026988103985786438e-01
7.740000000000000213e+00,1.027700304985046387e-01
7.750000000000000000e+00,1.024336293339729309e-01
7.759999999999999787e+00,1.029360070824623108e-01
7.770000000000000462e+00,1.037662401795387268e-01
7.780000000000000249e+00,1.032642349600791931e-01
7.790000000000000036e+00,1.024344414472579956e-01
7.799999999999999822e+00,1.027720123529434204e-01
7.810000000000000497e+00,1.015785560011863708e-01
7.820000000000000284e+00,1.023866459727287292e-01
7.830000000000000071e+00,1.033213809132575989e-01
7.839999999999999858e+00,1.043105572462081909e-01
7.850000000000000533e+00,1.041995212435722351e-01
7.860000000000000320e+00,1.032165884971618652e-01
7.870000000000000107e+00,1.018714457750320435e-01
7.879999999999999893e+00,1.019301861524581909e-01
7.890000000000000568e+00,1.034841015934944153e-01
7.900000000000000355e+00,1.026681661605834961e-01
7.910000000000000142e+00,1.009254381060600281e-01
7.919999999999999929e+00,1.027579754590988159e-01
7.930000000000000604e+00,1.011295765638351440e-01
7.940000000000000391e+00,1.020728275179862976e-01
7.950000000000000178e+00,9.958819299936294556e-02
7.959999999999999964e+00,1.029865890741348267e-01
7.969999999999999751e+00,1.016975492238998413e-01
7.980000000000000426e+00,1.020740494132041931e-01
7.990000000000000213e+00,1.019118428230285645e-01
8.000000000000000000e+00,1.032377108931541443e-01
8.009999999999999787e+00,1.015208810567855835e-01
8.019999999999999574e+00,1.012624278664588928e-01
8.029999999999999361e+00,1.016482114791870117e-01
8.040000000000000924e+00,1.013126671314239502e-01
8.050000000000000711e+00,1.018097847700119019e-01
8.060000000000000497e+00,1.020970717072486877e-01
8.070000000000000284e+00,1.021837294101715088e-01
8.080000000000000071e+00,1.015887036919593811e-01
8.089999999999999858e+00,1.022113785147666931e-01
8.099999999999999645e+00,9.935218095779418945e-02
8.109999999999999432e+00,1.029565408825874329e-01
8.120000000000000995e+00,1.038257479667663574e-01
8.130000000000000782e+00,1.017919927835464478e-01
8.140000000000000568e+00,1.010301709175109863e-01
8.150000000000000355e+00,1.020576879382133484e-01
8.160000000000000142e+00,1.028852090239524841e-01
8.169999999999999929e+00,1.043203696608543396e-01
8.179999999999999716e+00,9.861629456281661987e-02
8.189999999999999503e+00,1.024706214666366577e-01
8.199999999999999289e+00,1.016148924827575684e-01
8.210000000000000853e+00,1.003291085362434387e-01
8.220000000000000639e+00,1.025739759206771851e-01
8.230000000000000426e+00,1.004564687609672546e-01
8.240000000000000213e+00,1.026475057005882263e-01
8.250000000000000000e+00,1.028397977352142334e-01
8.259999999999999787e+00,1.023037880659103394e-01
8.269999999999999574e+00,1.025875434279441833e-01
8.279999999999999361e+00,1.011035144329071045e-01
8.290000000000000924e+00,1.028653755784034729e-01
8.300000000000000711e+00,1.023978665471076965e-01
8.310000000000000497e+00,1.014013811945915222e-01
8.320000000000000284e+00,1.022098064422607422e-01
8.330000000000000071e+00,1.010731086134910583e-01
8.339999999999999858e+00,1.021097376942634583e-01
8.349999999999999645e+00,1.024022102355957031e-01
8.359999999999999432e+00,1.019741445779800415e-01
8.370000000000000995e+00,1.002611070871353149e-01
8.380000000000000782e+00,1.008284613490104675e-01
8.390000000000000568e+00,1.008711382746696472e-01
8.400000000000000355e+00,1.020268797874450684e-01
8.410000000000000142e+00,1.020865812897682190e-01
8.419999999999999929e+00,1.008290126919746399e-01
8.429999999999999716e+00,1.017182990908622742e-01
8.439999999999999503e+00,1.009820848703384399e-01
8.449999999999999289e+00,1.021511629223823547e-01
8.460000000000000853e+00,1.007089167833328247e-01
8.470000000000000639e+00,1.007360592484474182e-01
8.480000000000000426e+00,1.011539623141288757e-01
8.490000000000000213e+00,1.011305749416351318e-01
8.500000000000000000e+00,1.017931103706359863e-01
8.509999999999999787e+00,1.017278879880905151e-01
8.519999999999999574e+00,1.016940176486968994e-01
8.529999999999999361e+00,9.901162981986999512e-02
8.540000000000000924e+00,9.956361353397369385e-02
8.550000000000000711e+00,1.018066555261611938e-01
8.560000000000000497e+00,9.965317696332931519e-02
8.570000000000000284e+00,1.006434932351112366e-01
8.580000000000000071e+00,1.015295237302780151e-01
8.589999999999999858e+00,9.967813640832901001e-02
8.599999999999999645e+00,9.994029998779296875e-02
8.609999999999999432e+00,1.020147949457168579e-01
8.620000000000000995e+00,1.009569987654685974e-01
8.630000000000000782e+00,1.018938794732093811e-01
8.640000000000000568e+00,1.031991764903068542e-01
8.650000000000000355e+00,1.017570644617080688e-01
8.660000000000000142e+00,1.001304164528846741e-01
8.669999999999999929e+00,1.038918271660804749e-01
8.679999999999999716e+00,1.001773476600646973e-01
8.689999999999999503e+00,9.958833456039428711e-02
8.700000000000001066e+00,9.986241161823272705e-02
8.710000000000000853e+00,1.004133373498916626e-01
8.720000000000000639e+00,1.001912727952003479e-01
8.730000000000000426e+00,1.016103476285934448e-01
8.740000000000000213e+00,1.000678986310958862e-01
8.750000000000000000e+00,1.009821966290473938e-01
8.759999999999999787e+00,9.884411096572875977e-02
8.769999999999999574e+00,1.011836975812911987e-01
8.779999999999999361e+00,1.009360477328300476e-01
8.790000000000000924e+00,1.019370853900909424e-01
8.800000000000000711e+00,1.038218960165977478e-01
8.810000000000000497e+00,1.010861173272132874e-01
8.820000000000000284e+00,1.020942777395248413e-01
8.830000000000000071e+00,1.015307456254959106e-01
8.839999999999999858e+00,9.958211332559585571e-02
8.849999999999999645e+00,1.002339720726013184e-01
8.859999999999999432e+00,9.855681657791137695e-02
8.870000000000000995e+00,1.013249307870864868e-01
8.880000000000000782e+00,9.954646229743957520e-02
8.890000000000000568e+00,1.007082387804985046e-01
8.900000000000000355e+00,1.002023741602897644e-01
8.910000000000000142e+00,1.008984521031379700e-01
8.919999999999999929e+00,9.911652654409408569e-02
8.929999999999999716e+00,1.007761284708976746e-01
8.939999999999999503e+00,1.009696274995803833e-01
8.950000000000001066e+00,1.000372916460037231e-01
8.960000000000000853e+00,1.007911264896392822e-01
8.970000000000000639e+00,9.968727827072143555e-02
8.980000000000000426e+00,1.017156913876533508e-01
8.990000000000000213e+00,1.004202961921691895e-01
9.000000000000000000e+00,9.928506612777709961e-02
9.009999999999999787e+00,1.010050103068351746e-01
9.019999999999999574e+00,1.002830862998962402e-01
9.029999999999999361e+00,1.010787189006805420e-01
9.040000000000000924e+00,9.985846281051635742e-02
9.050000000000000711e+00,1.004963889718055725e-01
9.060000000000000497e+00,1.008113846182823181e-01
9.070000000000000284e+00,1.015474125742912292e-01
9.080000000000000071e+00,1.009859517216682434e-01
9.089999999999999858e+00,1.022110283374786377e-01
9.099999999999999645e+00,1.017951741814613342e-01
9.109999999999999432e+00,1.005902364850044250e-01
9.120000000000000995e+00,9.893557429313659668e-02
9.130000000000000782e+00,9.922962635755538940e-02
9.140000000000000568e+00,1.005277261137962341e-01
9.150000000000000355e+00,1.014031544327735901e-01
9.160000000000000142e+00,1.000347658991813660e-01
9.169999999999999929e+00,9.878935664892196655e-02
9.179999999999999716e+00,9.921456128358840942e-02
9.189999999999999503e+00,9.995352476835250854e-02
9.200000000000001066e+00,9.993233531713485718e-02
9.210000000000000853e+00,1.025933548808097839e-01
9.220000000000000639e+00,1.004315242171287537e-01
9.230000000000000426e+00,1.003550067543983459e-01
9.240000000000000213e+00,1.019240245223045349e-01
9.250000000000000000e+00,9.961837530136108398e-02
9.259999999999999787e+00,1.015226989984512329e-01
9.269999999999999574e+00,9.905383735895156860e-02
9.279999999999999361e+00,1.022711172699928284e-01
9.290000000000000924e+00,1.010028272867202759e-01
9.300000000000000711e+00,1.011589318513870239e-01
9.310000000000000497e+00,1.023323312401771545e-01
9.320000000000000284e+00,1.013431325554847717e-01
9.330000000000000071e+00,9.974476695060729980e-02
9.339999999999999858e+00,1.010761633515357971e-01
9.349999999999999645e+00,1.001179218292236328e-01
9.359999999999999432e+00,9.870295971632003784e-02
9.370000000000000995e+00,1.014427393674850464e-01
9.380000000000000782e+00,1.013142243027687073e-01
9.390000000000000568e+00,1.011255085468292236e-01
9.400000000000000355e+00,1.006459519267082214e-01
9.410000000000000142e+00,1.002197861671447754e-01
9.419999999999999929e+00,1.006944105029106140e-01
9.429999999999999716e+00,1.005717962980270386e-01
9.439999999999999503e+00,9.965720772743225098e-02
9.450000000000001066e+00,9.934342652559280396e-02
9.460000000000000853e+00,9.854698181152343750e-02
9.470000000000000639e+00,1.008947193622589111e-01
9.480000000000000426e+00,1.013343185186386108e-01
9.490000000000000213e+00,1.006184145808219910e-01
9.500000000000000000e+00,1.008211821317672729e-01
9.509999999999999787e+00,1.018081828951835632e-01
9.519999999999999574e+00,1.000178083777427673e-01
9.529999999999999361e+00,9.917602688074111938e-02
9.540000000000000924e+00,9.960252791643142700e-02
9.550000000000000711e+00,1.017457097768783569e-01
9.560000000000000497e+00,1.021645665168762207e-01
9.570000000000000284e+00,1.007391512393951416e-01
9.580000000000000071e+00,1.020357608795166016e-01
9.589999999999999858e+00,1.008062511682510376e-01
9.599999999999999645e+00,1.006101444363594055e-01
9.609999999999999432e+00,1.001301556825637817e-01
9.620000000000000995e+00,9.973803162574768066e-02
9.630000000000000782e+00,1.003113314509391785e-01
9.640000000000000568e+00,1.017292365431785583e-01
9.650000000000000355e+00,1.010119989514350891e-01
9.660000000000000142e+00,1.024259105324745178e-01
9.669999999999999929e+00,1.012306511402130127e-01
9.679999999999999716e+00,1.015959084033966064e-01
9.689999999999999503e+00,1.007173135876655579e-01
9.700000000000001066e+00,1.000102534890174866e-01
9.710000000000000853e+00,1.026924625039100647e-01
9.720000000000000639e+00,1.011315062642097473e-01
9.730000000000000426e+00,1.020334213972091675e-01
9.740000000000000213e+00,1.008934080600738525e-01
9.750000000000000000e+00,9.967051446437835693e-02
9.759999999999999787e+00,1.027926504611968994e-01
9.769999999999999574e+00,1.007073447108268738e-01
9.779999999999999361e+00,1.000600680708885193e-01
9.790000000000000924e+00,1.005771532654762268e-01
9.800000000000000711e+00,1.000369712710380554e-01
9.810000000000000497e+00,1.015900596976280212e-01
9.820000000000000284e+00,1.027592420578002930e-01
9.830000000000000071e+00,1.005663797259330750e-01
9.839999999999999858e+00,9.990516304969787598e-02
9.849999999999999645e+00,1.010015979409217834e-01
9.859999999999999432e+00,1.005777493119239807e-01
9.870000000000000995e+00,9.974361956119537354e-02
9.880000000000000782e+00,1.002796217799186707e-01
9.890000000000000568e+00,1.007212325930595398e-01
9.900000000000000355e+00,9.960652142763137817e-02
9.910000000000000142e+00,9.799356758594512939e-02
9.919999999999999929e+00,1.000765860080718994e-01
9.929999999999999716e+00,1.007797643542289734e-01
9.939999999999999503e+00,1.030624136328697205e-01
9.950000000000001066e+00,1.024981960654258728e-01
9.960000000000000853e+00,1.007106080651283264e-01
9.970000000000000639e+00,1.013405099511146545e-01
9.980000000000000426e+00,1.009980365633964539e-01
9.990000000000000213e+00,1.010840833187103271e-01
